{
    "automct": "iics.automct",
    "axonmonitor": "alerts.axonmonitor",
    "azureappfunctionexecute":"msazure.azureappfunctionexecute",
    "azureresize": "msazure.azureresize",
    "azureresourceschedule": "msazure.azureresourceschedule",
    "azurevmpower": "msazure.azurevmpower",
    "cognosmonitor": "alerts.cognosmonitor",
    "cognosmonitorprod": "alerts.cognosmonitorprod",
    "classtest-axonsession": "axon.axonsession",
    "classtest-dwopssession": "dwops.dwopssession",
    "classtest-sharepointsession": "mssharepoint.sharepointsession",
    "cognostoazuredevops": "azuredevops.cognostoazuredevops",
    "dataflowrefresh": "powerbi.dataflowrefresh",
    "datasetrefresh": "powerbi.datasetrefresh",
    "deletefile": "fileops.deletefile",
    "deployiicsassetstoazuredevops":"azuredevops.deployiicsassetstoazuredevops",
    "edcmonitor": "alerts.edcmonitor",
    "email": "common.emailscript",
    "etlbatchendrpt": "dwops.etlbatchendrpt",
    "etljobend": "dwops.etljobend",
    "etljobstart": "dwops.etljobstart",
    "etlparamfilecreate": "dwops.etlparamfilecreate",
    "etlparameterfilecreate": "dwops.etlparamfilecreate",
    "etlparameterfilecreateStandaloneMCT": "dwops.etlparamfilecreate -mct",
    "exceltocsv": "fileops.exceltocsv",
    "executedatabricksworkflow": "databricks.workflowtrigger",
    "exportpackage": "iics.exportpackage",
    "groupaudit_sql": "msgraph.groupaudit_sql",
    "groupaudit_sendmail": "msgraph.groupaudit_sendmail",
    "iicscreatedetailscsv": "alerts.iicscreatedetailscsv",
    "iicsmonitorconn":"alerts.iicsmonitorconn",
    "iicsmonitorenv":"alerts.iicsmonitorenv",
    "iicsmonitorprod": "alerts.iicsmonitorprod",
    "filecopy": "fileops.filecopy",
    "filemove": "fileops.filemove",
    "iicsfolderbackup":"iics.iicsfolderbackup",
    "iicstoazuredevops": "azuredevops.iicstoazuredevops",
    "importpackage": "iics.importpackage",
    "inframetrics-pbiappcatalogrefresh": "powerbi.inframetrics-pbiappcatalogrefresh",
    "inframetrics-powerbiusers": "msgraph.inframetrics-powerbiusers",
    "intftpbatch": "mssharepoint.intftpbatch",
    "intftpondemand": "mssharepoint.intftpondemand",
    "mdmservicesmonitor": "alerts.mdmservicesmonitor",
    "migratetaskflow": "iics.migratetaskflow",
    "oncall": "mssharepoint.oncall",
    "pbicatalogrefresh":"powerbi.pbicatalogrefresh",
    "pbiecapacitypower": "msazure.pbiecapacitypower",
    "pbiecapacityresize": "msazure.pbiecapacityresize",
    "pipelineassignadmin":"powerbi.pipelineassignadmin",
    "projectbackup": "iics.projectbackup",
    "pwxchecklogs": "alerts.pwxchecklogs",
    "runtaskflow": "iics.runtaskflow",
    "transferinbound": "mssharepoint.intftpbatch",
    "runmoveittask": "moveit.runtask",
    "runmassingest": "iics.runmassingest",
    "srvownedgroups": "msgraph.srvownedgroups",
    "tableaurunschedule": "tableau.tableaurunschedule"
}