Seq,GenerateIndicator,SrcTbl,StgTbl,pSourcePrimaryKey,parameterFileName
1,Y,AboutTypes,StgErAboutTypes,AboutTypeID,FullRefreshErDTP2StgCT.param
2,Y,AdditionalOwners,StgErAdditionalOwners,RecordID,FullRefreshErDTP2StgCT.param
3,Y,AdditionalOwnerTypes,StgErAdditionalOwnerTypes,OwnerTypeID,FullRefreshErDTP2StgCT.param
4,Y,Addresses,StgErAddresses,AddressID,FullRefreshErDTP2StgCT.param
5,Y,AddressReferences,StgErAddressReferences,RecordID,FullRefreshErDTP2StgCT.param
6,Y,BackOfficeCustomers,StgErBackOfficeCustomers,BackOfficeCustomerId,FullRefreshErDTP2StgCT.param
7,N,CANDIDATE,StgErCandidate,CANDIDATE_ID,FullRefreshErDTP2StgCT.param
8,Y,CANDIDATE_STATUS,StgErCandidate_Status,STATUS_ID,FullRefreshErDTP2StgCT.param
9,Y,CandidateTerminationReasons,StgErCandidateTerminationReasons,CandidateTerminationReasonID,FullRefreshErDTP2StgCT.param
10,Y,ClientProjects,StgErClientProjects,ProjectID,FullRefreshErDTP2StgCT.param
11,Y,CloseReasons,StgErCloseReasons,Status_Id,FullRefreshErDTP2StgCT.param
12,Y,Communications,StgErCommunications,CommunicationID,FullRefreshErDTP2StgCT.param
13,Y,CommunicationTypes,StgErCommunicationTypes,CommunicationTypeID,FullRefreshErDTP2StgCT.param
14,Y,COMPANY,StgErCompany,COMPANY_ID,FullRefreshErDTP2StgCT.param
15,Y,CompanyDepartments,StgErCompanyDepartments,CompanyDepartmentID,FullRefreshErDTP2StgCT.param
16,Y,CompanyStatus,StgErCompanyStatus,StatusID,FullRefreshErDTP2StgCT.param
17,Y,CompanyType,StgErCompanyType,CompanyTypeID,FullRefreshErDTP2StgCT.param
18,Y,CONTACT,StgErContact,CONTACT_ID,FullRefreshErDTP2StgCT.param
19,Y,CONTACT_HR_TYPE,StgErContact_Hr_Type,HR_TYPE_ID,FullRefreshErDTP2StgCT.param
20,Y,ContractMatchPayTypes,StgErContractMatchPayTypes,TypeID,FullRefreshErDTP2StgCT.param
21,Y,Countries,StgErCountries,CountryID,FullRefreshErDTP2StgCT.param
22,Y,Currencies,StgErCurrencies,CurrencyId,FullRefreshErDTP2StgCT.param
23,Y,CustomFieldEnumValues,StgErCustomFieldEnumValues,RecordID,FullRefreshErDTP2StgCT.param
24,Y,CustomFields,StgErCustomFields,FieldID,FullRefreshErDTP2StgCT.param
25,Y,CustomFieldValues,StgErCustomFieldValues,ValueID,FullRefreshErDTP2StgCT.param
26,Y,DepartmentLevels,StgErDepartmentLevels,RecordID,FullRefreshErDTP2StgCT.param
27,Y,DepartmentRoles,StgErDepartmentRoles,RoleID,FullRefreshErDTP2StgCT.param
28,Y,Departments,StgErDepartments,DepartmentID,FullRefreshErDTP2StgCT.param
29,Y,DurationUnit,StgErDurationUnit,ID,FullRefreshErDTP2StgCT.param
30,N,DynamicLocaleResourceEntries,StgErDynamicLocaleResourceEntries,DynamicLocaleResourceEntriesID,FullRefreshErDTP2StgCT.param
31,Y,EnableDisableReasons,StgErEnableDisableReasons,ReasonId,FullRefreshErDTP2StgCT.param
32,Y,Entities,StgErEntities,EntityID,FullRefreshErDTP2StgCT.param
33,Y,EntityFederalIds,StgErEntityFederalIds,FederalID,FullRefreshErDTP2StgCT.param
34,Y,EntityTypes,StgErEntityTypes,TypeID,FullRefreshErDTP2StgCT.param
35,Y,Ethnicities,StgErEthnicities,CategoryID,FullRefreshErDTP2StgCT.param
36,Y,ExpenseCalculationType,StgErExpenseCalculationType,ExpenseCalculationTypeID,FullRefreshErDTP2StgCT.param
37,Y,FOLDER_GROUP_CAT,StgErFolder_Group_Cat,FG_CAT_ID,FullRefreshErDTP2StgCT.param
38,Y,FOLDER_GROUPS,StgErFolder_Groups,FOLDER_GROUP_ID,FullRefreshErDTP2StgCT.param
39,Y,FolderGroupJobCodes,StgErFolderGroupJobCodes,FolderGroupId,FullRefreshErDTP2StgCT.param
40,Y,HR_REPRESENTATIVE,StgErHr_Representative,HR_REP_ID,FullRefreshErDTP2StgCT.param
41,Y,IND_DEPT,StgErInd_Dept,DEPT_ID,FullRefreshErDTP2StgCT.param
42,Y,Industries,StgErIndustries,IndustryID,FullRefreshErDTP2StgCT.param
43,Y,IntegrationProviders,StgErIntegrationProviders,IntegrationProviderID,FullRefreshErDTP2StgCT.param
44,Y,IntegrationServiceCategories,StgErIntegrationServiceCategories,CategoryId,FullRefreshErDTP2StgCT.param
45,Y,IntegrationServices,StgErIntegrationServices,IntegrationServiceID,FullRefreshErDTP2StgCT.param
46,Y,IntegrationServiceStatuses,StgErIntegrationServiceStatuses,StatusId,FullRefreshErDTP2StgCT.param
47,Y,IntegrationServiceSubTypes,StgErIntegrationServiceSubTypes,IntegrationServiceSubTypeID,FullRefreshErDTP2StgCT.param
48,Y,JobCodes,StgErJobCodes,CodeID,FullRefreshErDTP2StgCT.param
49,Y,Match,StgErMatch,MATCH_ID,FullRefreshErDTP2StgCT.param
50,Y,MATCH_TRANS_DESC,StgErMatch_Trans_Desc,TYPE_ID,FullRefreshErDTP2StgCT.param
51,Y,MATCH_TYPE,StgErMatch_Type,TYPE_ID,FullRefreshErDTP2StgCT.param
52,Y,MatchEndReasons,StgErMatchEndReasons,MatchEndReasonID,FullRefreshErDTP2StgCT.param
53,Y,MatchExpenseTypes,StgErMatchExpenseTypes,TypeID,FullRefreshErDTP2StgCT.param
54,Y,NewNotes,StgErNewNotes,NoteID,FullRefreshErDTP2StgCT.param
55,Y,NoteActions,StgErNoteActions,ActionID,FullRefreshErDTP2StgCT.param
56,Y,NoteReferences,StgErNoteReferences,RecordID,FullRefreshErDTP2StgCT.param
57,Y,ObjectFolderGroups,StgErObjectFolderGroups,RecordID,FullRefreshErDTP2StgCT.param
58,Y,ObjectIndustries,StgErObjectIndustries,RecordID,FullRefreshErDTP2StgCT.param
59,Y,ObjectRelationships,StgErObjectRelationships,RelationshipID,FullRefreshErDTP2StgCT.param
60,Y,ObjectRelationshipTypes,StgErObjectRelationshipTypes,TypeID,FullRefreshErDTP2StgCT.param
61,Y,ObjectRequirementInitiatedServices,StgErObjectRequirementInitiatedServices,Id,FullRefreshErDTP2StgCT.param
62,Y,ObjectRequirements,StgErObjectRequirements,RecordID,FullRefreshErDTP2StgCT.param
63,Y,ObjectStatusTransitions,StgErObjectStatusTransitions,TransitionID,FullRefreshErDTP2StgCT.param
64,Y,ObjectTransactions,StgErObjectTransactions,ObjectTransactionID,FullRefreshErDTP2StgCT.param
65,Y,PaymentTerms,StgErPaymentTerms,TermsID,FullRefreshErDTP2StgCT.param
66,Y,PENDING_DESC,StgErPending_Desc,PENDING_STATUS,FullRefreshErDTP2StgCT.param
67,Y,POSITION,StgErPosition,POSITION_ID,FullRefreshErDTP2StgCT.param
68,Y,POSITION_STATUS,StgErPosition_Status,STATUS_ID,FullRefreshErDTP2StgCT.param
69,Y,ProcessingProfileDetails,StgErProcessingProfileDetails,ProcessingProfileDetailsId,FullRefreshErDTP2StgCT.param
70,Y,ProcessingProfiles,StgErProcessingProfiles,ProcessingProfileId,FullRefreshErDTP2StgCT.param
71,Y,RangeCalendar,StgErRangeCalendar,RangeCalendarID,FullRefreshErDTP2StgCT.param
72,Y,Rate,StgErRate,RateID,FullRefreshErDTP2StgCT.param
73,Y,RateDefinition,StgErRateDefinition,RateDefinitionID,FullRefreshErDTP2StgCT.param
74,Y,RateGroup,StgErRateGroup,GroupID,FullRefreshErDTP2StgCT.param
75,Y,RecruiterDepartments,StgErRecruiterDepartments,RecordID,FullRefreshErDTP2StgCT.param
76,Y,RecruiterRolesInDepartment,StgErRecruiterRolesInDepartment,RecordID,FullRefreshErDTP2StgCT.param
77,Y,RequirementCustomFields,StgErRequirementCustomFields,RequirementId||CustomFieldId,FullRefreshErDTP2StgCT.param
78,Y,RequirementPriorities,StgErRequirementPriorities,PriorityID,FullRefreshErDTP2StgCT.param
79,Y,RequirementRejectionReasons,StgErRequirementRejectionReasons,ReasonID,FullRefreshErDTP2StgCT.param
80,Y,Requirements,StgErRequirements,RequirementID,FullRefreshErDTP2StgCT.param
81,Y,RequirementStatusDefinitions,StgErRequirementStatusDefinitions,StatusID,FullRefreshErDTP2StgCT.param
82,Y,RequirementTemplates,StgErRequirementTemplates,TemplateID,FullRefreshErDTP2StgCT.param
83,Y,RequirementTypes,StgErRequirementTypes,TypeID,FullRefreshErDTP2StgCT.param
84,Y,ROLE_TYPE,StgErRole_Type,ID,FullRefreshErDTP2StgCT.param
85,Y,SharedPositions,StgErSharedPositions,RecordID,FullRefreshErDTP2StgCT.param
86,Y,States,StgErStates,StateID,FullRefreshErDTP2StgCT.param
87,N,Table_BusinessLine_PositionTypeMapping,StgErTable_BusinessLine_PositionTypeMapping,roleID,FullRefreshErDTP2StgCT.param
88,Y,TimesheetField,StgErTimesheetField,TimesheetFieldID,FullRefreshErDTP2StgCT.param
89,Y,TimesheetFieldDefinition,StgErTimesheetFieldDefinition,TimesheetFieldDefinitionID,FullRefreshErDTP2StgCT.param
90,Y,TimesheetFieldValue,StgErTimesheetFieldValue,TimesheetFieldValueID,FullRefreshErDTP2StgCT.param
91,Y,TimesheetTRC,StgErTimesheetTrc,TRCID,FullRefreshErDTP2StgCT.param
92,Y,Vendors,StgErVendors,VendorID,FullRefreshErDTP2StgCT.param
93,Y,VeteranStatus,StgErVeteranStatus,StatusId,FullRefreshErDTP2StgCT.param
94,Y,Worksites,StgErWorksites,WorksiteId,FullRefreshErDTP2StgCT.param
95,Y,ScheduledItems,StgErScheduledItems,ItemID,FullRefreshErDTP2StgCT.param
96,Y,ScheduledItemCategories,StgErScheduledItemCategories,CategoryID,FullRefreshErDTP2StgCT.param
97,Y,ScheduledItemStatuses,StgErScheduledItemStatuses,ScheduledItemStatusID,FullRefreshErDTP2StgCT.param
98,Y,ScheduledItemTypes,StgErScheduledItemTypes,TypeID,FullRefreshErDTP2StgCT.param
99,Y,CNTR_BURDEN_TAX,StgErCntr_Burden_Tax,TAX_ID,FullRefreshErDTP2StgCT.param
100,Y,RecruiterType,StgErRecruiterType,RecruiterTypeID,FullRefreshErDTP2StgCT.param
101,Y,aspnet_Membership,StgErAspnet_Membership,UserId,FullRefreshErDTP2StgCT.param
102,Y,aspnet_Users,StgErAspnet_Users,UserId,FullRefreshErDTP2StgCT.param
103,Y,UserPermissions,StgErUserPermissions,RecordID,FullRefreshErDTP2StgCT.param
104,Y,Permissions,StgErPermissions,ShortName,FullRefreshErDTP2StgCT.param
105,Y,PermissionTemplates,StgErPermissionTemplates,TemplateID,FullRefreshErDTP2StgCT.param
106,Y,TemplatePermissions,StgErTemplatePermissions,RecordID,FullRefreshErDTP2StgCT.param
