Seq,GenerateIndicator,pDbConnectionSource,SrcTbl,TgtTbl,parameterFileName
1,Y,TeradataPrdViewsEtl,ACCT_SIZE,LgcyTdAcct_Size,
2,Y,TeradataPrdViewsEtl,ADDR,LgcyTdAddr,
3,Y,TeradataPrdViewsEtl,AP_SEC_SUPL,LgcyTdAp_Sec_Supl,
4,Y,TeradataPrdViewsEtl,BACK_OFFICE_BUS_LN,LgcyTdBack_Office_Bus_Ln,
5,Y,TeradataPrdViewsEtl,BACK_OFFICE_PAY_BILL,LgcyTdBack_Office_Pay_Bill,
6,Y,TeradataPrdViewsEtl,BACK_OFFICE_SERV_LN,LgcyTdBack_Office_Serv_Ln,
7,Y,TeradataPrdViewsEtl,CUST_CR_RSN,LgcyTdCust_Cr_Rsn,
8,Y,TeradataPrdViewsEtl,CUST_XREF,LgcyTdCust_Xref,
9,Y,TeradataPrdViewsEtl,EMPL_KSN_XREF,LgcyTdEmpl_Ksn_Xref,
10,Y,TeradataPrdViewsEtl,empl_xref,LgcyTdEmpl_Xref,
11,Y,TeradataPrdViewsEtl,INV_BILL_INFO,LgcyTdInv_Bill_Info,
12,Y,TeradataPrdViewsEtl,INV_DTL,LgcyTdInv_Dtl,
13,Y,TeradataPrdViewsEtl,INV_HDR,LgcyTdInv_Hdr,
14,Y,TeradataPrdViewsEtl,INV_PYRL_COMM,LgcyTdInv_Pyrl_Comm,
15,Y,TeradataPrdViewsEtl,inv_pyrl_key_xref,LgcyTdInv_Pyrl_Key_Xref,
16,Y,TeradataPrdViewsEtl,ord_xref,LgcyTdOrd_Xref,
17,Y,TeradataPrdViewsEtl,ORG_UNIT,LgcyTdOrg_Unit,
18,Y,TeradataPrdViewsEtl,ORG_UNIT_XREF,LgcyTdOrg_Unit_Xref,
19,Y,TeradataPrdViewsEtl,PYRL_CTR,LgcyTdPyrl_Ctr,
20,Y,TeradataPrdViewsEtl,PYRL_DEDUCT,LgcyTdPyrl_Deduct,
21,Y,TeradataPrdViewsEtl,PYRL_DTL,LgcyTdPyrl_Dtl,
22,Y,TeradataPrdViewsEtl,SEC_SUPL_KSN_XREF,LgcyTdSec_Supl_Ksn_Xref,
23,Y,TeradataPrdViewsEtl,SEC_SUPL_TYPE,LgcyTdSec_Supl_Type,
24,Y,TeradataPrdViewsEtl,SERV,LgcyTdServ,
25,Y,TeradataPrdViewsEtl,Task_Refer_Ksn_Ocpd_Xref,LgcyTdTask_Refer_Ksn_Ocpd_Xref,
26,Y,TeradataPrdViewsEtl,Pay_Bill,LgcyTdPay_Bill,
27,Y,TeradataPrdViewsEtl,Task_Refer_Ext,LgcyTdTask_Refer_Ext,
