;ACCOUNT=ASC;,GenerateIndicator,SrcStageTblUpserts,srcStageTblDeletes,TgtTeradataTblUpserts,TgtTeradataTblUpserts_targetUpdateColumns,TgtTeradataTblDeletes,TgtTeradataTblDeletes_targetUpdateColumns,parameterFileName,pPurgeIndicator,pSourceChangeIndicator,pStageSortColumns,pPIIAggrColumns
1,Y,STGFNPS_AGING_CATEG_TBL,STGFNPS_AGING_CATEG_TBL,PS_AGING_CATEG_TBL_GL,SETID;AGING_ID;EFFDT;AGING_CATEGORY,PS_AGING_CATEG_TBL_GL,SETID;AGING_ID;EFFDT;AGING_CATEGORY,DailyExtractOracleStgFn.param,$$PurgeIndicator,DTL__CAPXACTION,SETID=ASC;AGING_ID=ASC;EFFDT=ASC;AGING_CATEGORY=ASC;CDCROWID=ASC;DTL__CAPXTIMESTAMP=ASC;,SETID;AGING_ID;EFFDT;AGING_CATEGORY
2,Y,STGFNPS_ALTACCT_TBL,STGFNPS_ALTACCT_TBL,PS_ALTACCT_TBL_GL,SETID;ALTACCT;EFFDT,PS_ALTACCT_TBL_GL,SETID;ALTACCT;EFFDT,DailyExtractOracleStgFn.param,$$PurgeIndicator,DTL__CAPXACTION,SETID=ASC;ALTACCT=ASC;EFFDT=ASC;CDCROWID=ASC;DTL__CAPXTIMESTAMP=ASC;,SETID;ALTACCT;EFFDT
3,Y,STGFNPS_ALTACCT_XREF_VW,STGFNPS_ALTACCT_XREF_VW,PS_ALTACCT_XREF_GL,SETID;ACCOUNTS;ALTACCT_SETID;ALTACCT,PS_ALTACCT_XREF_GL,SETID;ACCOUNTS;ALTACCT_SETID;ALTACCT,DailyExtractOracleStgFn.param,$$PurgeIndicator,DTL__CAPXACTION,SETID=ASC;ACCOUNTS=ASC;ALTACCT_SETID=ASC;ALTACCT=ASC;CDCROWID=ASC;DTL__CAPXTIMESTAMP=ASC;,SETID;ACCOUNTS;ALTACCT_SETID;ALTACCT
4,Y,STGFNPS_BUS_UNIT_TBL_FS,STGFNPS_BUS_UNIT_TBL_FS,PS_BUS_UNIT_TBL_FS_GL,BUSINESS_UNIT,PS_BUS_UNIT_TBL_FS_GL,BUSINESS_UNIT,DailyExtractOracleStgFn.param,$$PurgeIndicator,DTL__CAPXACTION,BUSINESS_UNIT=ASC;CDCROWID=ASC;DTL__CAPXTIMESTAMP=ASC;,BUSINESS_UNIT
5,Y,STGFNPS_CAL_DETP_TBL,STGFNPS_CAL_DETP_TBL,PS_CAL_DETP_TBL_GL,SETID;CALENDAR_ID;FISCAL_YEAR;ACCOUNTING_PERIOD,PS_CAL_DETP_TBL_GL,SETID;CALENDAR_ID;FISCAL_YEAR;ACCOUNTING_PERIOD,DailyExtractOracleStgFn.param,$$PurgeIndicator,DTL__CAPXACTION,SETID=ASC;CALENDAR_ID=ASC;FISCAL_YEAR=ASC;ACCOUNTING_PERIOD=ASC;CDCROWID=ASC;DTL__CAPXTIMESTAMP=ASC;,SETID;CALENDAR_ID;FISCAL_YEAR;ACCOUNTING_PERIOD
6,Y,STGFNPS_CHARTFIELD1_TBL,STGFNPS_CHARTFIELD1_TBL,PS_CHARTFIELD1_TBL_GL,SETID;CHARTFIELD1;EFFDT,PS_CHARTFIELD1_TBL_GL,SETID;CHARTFIELD1;EFFDT,DailyExtractOracleStgFn.param,$$PurgeIndicator,DTL__CAPXACTION,SETID=ASC;CHARTFIELD1=ASC;EFFDT=ASC;CDCROWID=ASC;DTL__CAPXTIMESTAMP=ASC;,SETID;CHARTFIELD1;EFFDT
7,Y,STGFNPS_CURRENCY_CD_TBL,STGFNPS_CURRENCY_CD_TBL,PS_CURRENCY_CD_TBL_GL,CURRENCY_CD;EFFDT,PS_CURRENCY_CD_TBL_GL,CURRENCY_CD;EFFDT,DailyExtractOracleStgFn.param,$$PurgeIndicator,DTL__CAPXACTION,CURRENCY_CD=ASC;EFFDT=ASC;CDCROWID=ASC;DTL__CAPXTIMESTAMP=ASC;,CURRENCY_CD;EFFDT
8,Y,STGFNPS_DEPT_TBL,STGFNPS_DEPT_TBL,PS_DEPT_TBL_GL,SETID;DEPTID;EFFDT,PS_DEPT_TBL_GL,SETID;DEPTID;EFFDT,DailyExtractOracleStgFn.param,$$PurgeIndicator,DTL__CAPXACTION,SETID=ASC;DEPTID=ASC;EFFDT=ASC;CDCROWID=ASC;DTL__CAPXTIMESTAMP=ASC;,SETID;DEPTID;EFFDT
9,Y,STGFNPS_GL_ACCOUNT_TBL_VW,STGFNPS_GL_ACCOUNT_TBL_VW,PS_GL_ACCOUNT_TBL_GL,SETID;ACCOUNTS;EFFDT,PS_GL_ACCOUNT_TBL_GL,SETID;ACCOUNTS;EFFDT,DailyExtractOracleStgFn.param,$$PurgeIndicator,DTL__CAPXACTION,SETID=ASC;ACCOUNTS=ASC;EFFDT=ASC;CDCROWID=ASC;DTL__CAPXTIMESTAMP=ASC;,SETID;ACCOUNTS;EFFDT
10,Y,STGFNPS_KC_AS_INTFC_XRF,STGFNPS_KC_AS_INTFC_XRF,PS_KC_AS_INTFC_XRF_GL,ASSIGNMENT_ID,PS_KC_AS_INTFC_XRF_GL,ASSIGNMENT_ID,DailyExtractOracleStgFn.param,$$PurgeIndicator,DTL__CAPXACTION,ASSIGNMENT_ID=ASC;CDCROWID=ASC;DTL__CAPXTIMESTAMP=ASC;,ASSIGNMENT_ID
11,Y,STGFNPS_KC_GL_ACCT_TBL,STGFNPS_KC_GL_ACCT_TBL,PS_KC_GL_ACCT_TBL_GL,SETID;KC_EXT_SYSTEM;KC_ACCOUNT;KC_AFFACCT;EFFDT,PS_KC_GL_ACCT_TBL_GL,SETID;KC_EXT_SYSTEM;KC_ACCOUNT;KC_AFFACCT;EFFDT,DailyExtractOracleStgFn.param,$$PurgeIndicator,DTL__CAPXACTION,SETID=ASC;KC_EXT_SYSTEM=ASC;KC_ACCOUNT=ASC;KC_AFFACCT=ASC;EFFDT=ASC;CDCROWID=ASC;DTL__CAPXTIMESTAMP=ASC;,SETID;KC_EXT_SYSTEM;KC_ACCOUNT;KC_AFFACCT;EFFDT
12,Y,STGFNPS_LEDGER_VW,STGFNPS_LEDGER_VW,PS_LEDGER_GL,BUSINESS_UNIT;LEDGER;ACCOUNTS;ALTACCT;DEPTID;OPERATING_UNIT;PRODUCT;FUND_CODE;CLASS_FLD;PROGRAM_CODE;BUDGET_REF;AFFILIATE;AFFILIATE_INTRA1;AFFILIATE_INTRA2;CHARTFIELD1;PROJECT_ID;BOOK_CODE;GL_ADJUST_TYPE;CURRENCY_CD;STATISTICS_CODE;FISCAL_YEAR;ACCOUNTING_PERIOD,PS_LEDGER_GL,BUSINESS_UNIT;LEDGER;ACCOUNTS;ALTACCT;DEPTID;OPERATING_UNIT;PRODUCT;FUND_CODE;CLASS_FLD;PROGRAM_CODE;BUDGET_REF;AFFILIATE;AFFILIATE_INTRA1;AFFILIATE_INTRA2;CHARTFIELD1;PROJECT_ID;BOOK_CODE;GL_ADJUST_TYPE;CURRENCY_CD;STATISTICS_CODE;FISCAL_YEAR;ACCOUNTING_PERIOD,DailyExtractOracleStgFn.param,$$PurgeIndicator,DTL__CAPXACTION,BUSINESS_UNIT=ASC;LEDGER=ASC;ACCOUNTS=ASC;ALTACCT=ASC;DEPTID=ASC;OPERATING_UNIT=ASC;PRODUCT=ASC;FUND_CODE=ASC;CLASS_FLD=ASC;PROGRAM_CODE=ASC;BUDGET_REF=ASC;AFFILIATE=ASC;AFFILIATE_INTRA1=ASC;AFFILIATE_INTRA2=ASC;CHARTFIELD1=ASC;PROJECT_ID=ASC;BOOK_CODE=ASC;GL_ADJUST_TYPE=ASC;CURRENCY_CD=ASC;STATISTICS_CODE=ASC;FISCAL_YEAR=ASC;ACCOUNTING_PERIOD=ASC;CDCROWID=ASC;DTL__CAPXTIMESTAMP=ASC;,BUSINESS_UNIT;LEDGER;ACCOUNTS;ALTACCT;DEPTID;OPERATING_UNIT;PRODUCT;FUND_CODE;CLASS_FLD;PROGRAM_CODE;BUDGET_REF;AFFILIATE;AFFILIATE_INTRA1;AFFILIATE_INTRA2;CHARTFIELD1;PROJECT_ID;BOOK_CODE;GL_ADJUST_TYPE;CURRENCY_CD;STATISTICS_CODE;FISCAL_YEAR;ACCOUNTING_PERIOD
13,Y,STGFNPS_PRODUCT_TBL,STGFNPS_PRODUCT_TBL,PS_PRODUCT_TBL_GL,SETID;PRODUCT;EFFDT,PS_PRODUCT_TBL_GL,SETID;PRODUCT;EFFDT,DailyExtractOracleStgFn.param,$$PurgeIndicator,DTL__CAPXACTION,SETID=ASC;PRODUCT=ASC;EFFDT=ASC;CDCROWID=ASC;DTL__CAPXTIMESTAMP=ASC;,SETID;PRODUCT;EFFDT
14,Y,STGFNPS_VENDOR,STGFNPS_VENDOR,PS_VENDOR_GL,SOURCEID;SETID;VENDOR_ID,PS_VENDOR_GL,SOURCEID;SETID;VENDOR_ID,DailyExtractOracleStgFn.param,$$PurgeIndicator,DTL__CAPXACTION,SETID=ASC;VENDOR_ID=ASC;CDCROWID=ASC;DTL__CAPXTIMESTAMP=ASC;,SETID;VENDOR_ID
15,Y,STGHRPS_BUS_UNIT_TBL_HR,STGHRPS_BUS_UNIT_TBL_HR,PS_BUS_UNIT_TBL_HR_PY,BUSINESS_UNIT,PS_BUS_UNIT_TBL_HR_PY,BUSINESS_UNIT,DailyExtractOracleStgHr.param,$$PurgeIndicator,DTL__CAPXACTION,BUSINESS_UNIT=ASC;CDCROWID=ASC;DTL__CAPXTIMESTAMP=ASC;,BUSINESS_UNIT
16,Y,STGHRPS_CHARTFIELD1_TBL,STGHRPS_CHARTFIELD1_TBL,PS_CHARTFIELD1_TBL_PY,EFFDT;CHARTFIELD1;SETID,PS_CHARTFIELD1_TBL_PY,EFFDT;CHARTFIELD1;SETID,DailyExtractOracleStgHr.param,$$PurgeIndicator,DTL__CAPXACTION,EFFDT=ASC;CHARTFIELD1=ASC;SETID=ASC;CDCROWID=ASC;DTL__CAPXTIMESTAMP=ASC;,EFFDT;CHARTFIELD1;SETID
17,Y,STGHRPS_CO_STATETAX_TBL,STGHRPS_CO_STATETAX_TBL,PS_CO_STATETAX_TBL_PY,COMPANY;EFFDT;STATE,PS_CO_STATETAX_TBL_PY,COMPANY;EFFDT;STATE,DailyExtractOracleStgHr.param,$$PurgeIndicator,DTL__CAPXACTION,COMPANY=ASC;EFFDT=ASC;STATE=ASC;CDCROWID=ASC;DTL__CAPXTIMESTAMP=ASC;,COMPANY;EFFDT;STATE
18,Y,STGHRPS_COMPANY_TBL,STGHRPS_COMPANY_TBL,PS_COMPANY_TBL_PY,COMPANY;EFFDT,PS_COMPANY_TBL_PY,COMPANY;EFFDT,DailyExtractOracleStgHr.param,$$PurgeIndicator,DTL__CAPXACTION,COMPANY=ASC;EFFDT=ASC;CDCROWID=ASC;DTL__CAPXTIMESTAMP=ASC;,COMPANY;EFFDT
19,Y,STGHRPS_CUSTOMER,STGHRPS_CUSTOMER,PS_CUSTOMER_PY,SETID;CUST_ID,PS_CUSTOMER_PY,SETID;CUST_ID,DailyExtractOracleStgHr.param,$$PurgeIndicator,DTL__CAPXACTION,SETID=ASC;CUST_ID=ASC;CDCROWID=ASC;DTL__CAPXTIMESTAMP=ASC;,SETID;CUST_ID
20,Y,STGHRPS_DEDUCTION_CLASS,STGHRPS_DEDUCTION_CLASS,PS_DEDUCTION_CLASS_PY,DED_SLSTX_CLASS;DED_CLASS;EFFDT;DEDCD;PLAN_TYPE,PS_DEDUCTION_CLASS_PY,DED_SLSTX_CLASS;DED_CLASS;EFFDT;DEDCD;PLAN_TYPE,DailyExtractOracleStgHr.param,$$PurgeIndicator,DTL__CAPXACTION,DED_SLSTX_CLASS=ASC;DED_CLASS=ASC;EFFDT=ASC;DEDCD=ASC;PLAN_TYPE=ASC;CDCROWID=ASC;DTL__CAPXTIMESTAMP=ASC;,DED_SLSTX_CLASS;DED_CLASS;EFFDT;DEDCD;PLAN_TYPE
21,Y,STGHRPS_DEDUCTION_TBL,STGHRPS_DEDUCTION_TBL,PS_DEDUCTION_TBL_PY,EFFDT;DEDCD;PLAN_TYPE,PS_DEDUCTION_TBL_PY,EFFDT;DEDCD;PLAN_TYPE,DailyExtractOracleStgHr.param,$$PurgeIndicator,DTL__CAPXACTION,EFFDT=ASC;DEDCD=ASC;PLAN_TYPE=ASC;CDCROWID=ASC;DTL__CAPXTIMESTAMP=ASC;,EFFDT;DEDCD;PLAN_TYPE
22,Y,STGHRPS_DEPT_TBL,STGHRPS_DEPT_TBL,PS_DEPT_TBL_PY,EFFDT;DEPTID;SETID,PS_DEPT_TBL_PY,EFFDT;DEPTID;SETID,DailyExtractOracleStgHr.param,$$PurgeIndicator,DTL__CAPXACTION,EFFDT=ASC;DEPTID=ASC;SETID=ASC;CDCROWID=ASC;DTL__CAPXTIMESTAMP=ASC;,EFFDT;DEPTID;SETID
23,Y,STGHRPS_EARNINGS_TBL,STGHRPS_EARNINGS_TBL,PS_EARNINGS_TBL_PY,EFFDT;ERNCD,PS_EARNINGS_TBL_PY,EFFDT;ERNCD,DailyExtractOracleStgHr.param,$$PurgeIndicator,DTL__CAPXACTION,EFFDT=ASC;ERNCD=ASC;CDCROWID=ASC;DTL__CAPXTIMESTAMP=ASC;,EFFDT;ERNCD
24,Y,STGHRPS_ERN_PROGRAM_DEF,STGHRPS_ERN_PROGRAM_DEF,PS_ERN_PROGRAM_DEF_PY,ERNCD;EFFDT;ERN_PROGRAM,PS_ERN_PROGRAM_DEF_PY,ERNCD;EFFDT;ERN_PROGRAM,DailyExtractOracleStgHr.param,$$PurgeIndicator,DTL__CAPXACTION,ERNCD=ASC;EFFDT=ASC;ERN_PROGRAM=ASC;CDCROWID=ASC;DTL__CAPXTIMESTAMP=ASC;,ERNCD;EFFDT;ERN_PROGRAM
25,Y,STGHRPS_ERN_PROGRAM_TBL,STGHRPS_ERN_PROGRAM_TBL,PS_ERN_PROGRAM_TBL_PY,ERN_PROGRAM;EFFDT,PS_ERN_PROGRAM_TBL_PY,ERN_PROGRAM;EFFDT,DailyExtractOracleStgHr.param,$$PurgeIndicator,DTL__CAPXACTION,ERN_PROGRAM=ASC;EFFDT=ASC;CDCROWID=ASC;DTL__CAPXTIMESTAMP=ASC;,ERN_PROGRAM;EFFDT
26,Y,STGHRPS_FO_EMPL_XREF,STGHRPS_FO_EMPL_XREF,PS_FO_EMPL_XREF_PY,PBM_ASGN_ID,PS_FO_EMPL_XREF_PY,PBM_ASGN_ID,DailyExtractOracleStgHr.param,$$PurgeIndicator,DTL__CAPXACTION,PBM_ASGN_ID=ASC;CDCROWID=ASC;DTL__CAPXTIMESTAMP=ASC;,PBM_ASGN_ID
27,Y,STGHRPS_GL_GEN_HISTORY,STGHRPS_GL_GEN_HISTORY,PS_GL_GEN_HISTORY_PY,RUN_DT;SEQNUM,PS_GL_GEN_HISTORY_PY,RUN_DT;SEQNUM,DailyExtractOracleStgHr.param,$$PurgeIndicator,DTL__CAPXACTION,RUN_DT=ASC;SEQNUM=ASC;CDCROWID=ASC;DTL__CAPXTIMESTAMP=ASC;,RUN_DT;SEQNUM
28,Y,STGHRPS_HOLIDAY_DATE,STGHRPS_HOLIDAY_DATE,PS_HOLIDAY_DATE_PY,HOLIDAY;HOLIDAY_SCHEDULE,PS_HOLIDAY_DATE_PY,HOLIDAY;HOLIDAY_SCHEDULE,DailyExtractOracleStgHr.param,$$PurgeIndicator,DTL__CAPXACTION,HOLIDAY=ASC;HOLIDAY_SCHEDULE=ASC;CDCROWID=ASC;DTL__CAPXTIMESTAMP=ASC;,HOLIDAY;HOLIDAY_SCHEDULE
29,Y,STGHRPS_HOLIDAY_TBL,STGHRPS_HOLIDAY_TBL,PS_HOLIDAY_TBL_PY,HOLIDAY_SCHEDULE,PS_HOLIDAY_TBL_PY,HOLIDAY_SCHEDULE,DailyExtractOracleStgHr.param,$$PurgeIndicator,DTL__CAPXACTION,HOLIDAY_SCHEDULE=ASC;CDCROWID=ASC;DTL__CAPXTIMESTAMP=ASC;,HOLIDAY_SCHEDULE
30,Y,STGHRPS_HR_ACCTG_LINE_VW,STGHRPS_HR_ACCTG_LINE_VW,PS_HR_ACCTG_LINE_PY,LINE_NBR;SEQNUM;RUN_DT,PS_HR_ACCTG_LINE_PY,LINE_NBR;SEQNUM;RUN_DT,DailyExtractOracleStgHr.param,$$PurgeIndicator,DTL__CAPXACTION,LINE_NBR=ASC;SEQNUM=ASC;RUN_DT=ASC;CDCROWID=ASC;DTL__CAPXTIMESTAMP=ASC;,LINE_NBR;SEQNUM;RUN_DT
31,Y,STGHRPS_JOB,STGHRPS_JOB,PS_JOB_PY,EFFSEQ;EFFDT;EMPL_RCD;EMPLID,PS_JOB_PY,EFFSEQ;EFFDT;EMPL_RCD;EMPLID,DailyExtractOracleStgHr.param,$$PurgeIndicator,DTL__CAPXACTION,EFFSEQ=ASC;EFFDT=ASC;EMPL_RCD=ASC;EMPLID=ASC;CDCROWID=ASC;DTL__CAPXTIMESTAMP=ASC;,EFFSEQ;EFFDT;EMPL_RCD;EMPLID
32,Y,STGHRPS_JOB_FAMILY_TBL,STGHRPS_JOB_FAMILY_TBL,PS_JOB_FAMILY_TBL_PY,EFFDT;JOB_FAMILY,PS_JOB_FAMILY_TBL_PY,EFFDT;JOB_FAMILY,DailyExtractOracleStgHr.param,$$PurgeIndicator,DTL__CAPXACTION,EFFDT=ASC;JOB_FAMILY=ASC;CDCROWID=ASC;DTL__CAPXTIMESTAMP=ASC;,EFFDT;JOB_FAMILY
33,Y,STGHRPS_JOBCODE_TBL,STGHRPS_JOBCODE_TBL,PS_JOBCODE_TBL_PY,EFFDT;JOBCODE;SETID,PS_JOBCODE_TBL_PY,EFFDT;JOBCODE;SETID,DailyExtractOracleStgHr.param,$$PurgeIndicator,DTL__CAPXACTION,EFFDT=ASC;JOBCODE=ASC;SETID=ASC;CDCROWID=ASC;DTL__CAPXTIMESTAMP=ASC;,EFFDT;JOBCODE;SETID
34,Y,STGHRPS_KC_ACA_ELIG_TBL,STGHRPS_KC_ACA_ELIG_TBL,PS_KC_ACA_ELIG_TBL_PY,EFFSEQ;EFFDT;EMPLID,PS_KC_ACA_ELIG_TBL_PY,EFFSEQ;EFFDT;EMPLID,DailyExtractOracleStgHr.param,$$PurgeIndicator,DTL__CAPXACTION,EFFSEQ=ASC;EFFDT=ASC;EMPLID=ASC;CDCROWID=ASC;DTL__CAPXTIMESTAMP=ASC;,EFFSEQ;EFFDT;EMPLID
35,Y,STGHRPS_KC_ACA_STG_TBL,STGHRPS_KC_ACA_STG_TBL,PS_KC_ACA_STG_TBL_PY,EFFSEQ;KC_SRC_ACT_EFFDT;KC_SRC_ORDER,PS_KC_ACA_STG_TBL_PY,EFFSEQ;KC_SRC_ACT_EFFDT;KC_SRC_ORDER,DailyExtractOracleStgHr.param,$$PurgeIndicator,DTL__CAPXACTION,EFFSEQ=ASC;KC_SRC_ACT_EFFDT=ASC;KC_SRC_ORDER=ASC;CDCROWID=ASC;DTL__CAPXTIMESTAMP=ASC;,EFFSEQ;KC_SRC_ACT_EFFDT;KC_SRC_ORDER
36,Y,STGHRPS_KC_EE_INTFC_XRF,STGHRPS_KC_EE_INTFC_XRF,PS_KC_EE_INTFC_XRF_PY,EMPLID,PS_KC_EE_INTFC_XRF_PY,EMPLID,DailyExtractOracleStgHr.param,$$PurgeIndicator,DTL__CAPXACTION,EMPLID=ASC;CDCROWID=ASC;DTL__CAPXTIMESTAMP=ASC;,EMPLID
37,Y,STGHRPS_KC_HOV_ENRL_TBL,STGHRPS_KC_HOV_ENRL_TBL,PS_KC_HOV_ENRL_TBL_PY,ALTER_EMPLID,PS_KC_HOV_ENRL_TBL_PY,ALTER_EMPLID,DailyExtractOracleStgHr.param,$$PurgeIndicator,DTL__CAPXACTION,ALTER_EMPLID=ASC;CDCROWID=ASC;DTL__CAPXTIMESTAMP=ASC;,ALTER_EMPLID
38,Y,STGHRPS_KC_HOV_RPT_TBL,STGHRPS_KC_HOV_RPT_TBL,PS_KC_HOV_RPT_TBL_PY,ALTER_EMPLID,PS_KC_HOV_RPT_TBL_PY,ALTER_EMPLID,DailyExtractOracleStgHr.param,$$PurgeIndicator,DTL__CAPXACTION,ALTER_EMPLID=ASC;CDCROWID=ASC;DTL__CAPXTIMESTAMP=ASC;,ALTER_EMPLID
39,Y,STGHRPS_KC_HOV_USER_TBL,STGHRPS_KC_HOV_USER_TBL,PS_KC_HOV_USER_TBL_PY,ALTER_EMPLID,PS_KC_HOV_USER_TBL_PY,ALTER_EMPLID,DailyExtractOracleStgHr.param,$$PurgeIndicator,DTL__CAPXACTION,ALTER_EMPLID=ASC;CDCROWID=ASC;DTL__CAPXTIMESTAMP=ASC;,ALTER_EMPLID
40,Y,STGHRPS_KC_HR_ACCTG_LNK,STGHRPS_KC_HR_ACCTG_LNK,PS_KC_HR_ACCTG_LNK_PY,LINE_NBR;SEQNUM;RUN_DT,PS_KC_HR_ACCTG_LNK_PY,LINE_NBR;SEQNUM;RUN_DT,DailyExtractOracleStgHr.param,$$PurgeIndicator,DTL__CAPXACTION,LINE_NBR=ASC;SEQNUM=ASC;RUN_DT=ASC;CDCROWID=ASC;DTL__CAPXTIMESTAMP=ASC;,LINE_NBR;SEQNUM;RUN_DT
41,Y,STGHRPS_KC_HR0008_TBL_VW,STGHRPS_KC_HR0008_TBL_VW,PS_KC_HR0008_TBL_PY,HOLIDAY;EMPL_RCD;EMPLID;PROCESS_INSTANCE,PS_KC_HR0008_TBL_PY,HOLIDAY;EMPL_RCD;EMPLID;PROCESS_INSTANCE,DailyExtractOracleStgHr.param,$$PurgeIndicator,DTL__CAPXACTION,HOLIDAY=ASC;EMPL_RCD=ASC;EMPLID=ASC;PROCESS_INSTANCE=ASC;CDCROWID=ASC;DTL__CAPXTIMESTAMP=ASC;,HOLIDAY;EMPL_RCD;EMPLID;PROCESS_INSTANCE
42,Y,STGHRPS_KC_HR0067_OP,STGHRPS_KC_HR0067_OP,PS_KC_HR0067_OP_PY,DEPTID;CUST_ID;EMPLID;EMPL_RCD;ASOFDATE,PS_KC_HR0067_OP_PY,DEPTID;CUST_ID;EMPLID;EMPL_RCD;ASOFDATE,DailyExtractOracleStgHr.param,$$PurgeIndicator,DTL__CAPXACTION,DEPTID=ASC;CUST_ID=ASC;EMPLID=ASC;EMPL_RCD=ASC;ASOFDATE=ASC;CDCROWID=ASC;DTL__CAPXTIMESTAMP=ASC;,DEPTID;CUST_ID;EMPLID;EMPL_RCD;ASOFDATE
43,Y,STGHRPS_KC_HR0087A_DEFN,STGHRPS_KC_HR0087A_DEFN,PS_KC_HR0087A_DEFN_PY,ACTUAL_HOURS;KC_TIER_XLAT;KC_EVAL_END_DT;KC_EVAL_BGN_DT;KC_SB_SUB_PLAN;KC_SB_PLAN_TYPE;YEARCD,PS_KC_HR0087A_DEFN_PY,ACTUAL_HOURS;KC_TIER_XLAT;KC_EVAL_END_DT;KC_EVAL_BGN_DT;KC_SB_SUB_PLAN;KC_SB_PLAN_TYPE;YEARCD,DailyExtractOracleStgHr.param,$$PurgeIndicator,DTL__CAPXACTION,ACTUAL_HOURS=ASC;KC_TIER_XLAT=ASC;KC_EVAL_END_DT=ASC;KC_EVAL_BGN_DT=ASC;KC_SB_SUB_PLAN=ASC;KC_SB_PLAN_TYPE=ASC;YEARCD=ASC;CDCROWID=ASC;DTL__CAPXTIMESTAMP=ASC;,ACTUAL_HOURS;KC_TIER_XLAT;KC_EVAL_END_DT;KC_EVAL_BGN_DT;KC_SB_SUB_PLAN;KC_SB_PLAN_TYPE;YEARCD
44,Y,STGHRPS_KC_SB_EXCEPTION,STGHRPS_KC_SB_EXCEPTION,PS_KC_SB_EXCEPTION_PY,EFF_STATUS;EFFDT;DEPTID;CUST_ID,PS_KC_SB_EXCEPTION_PY,EFF_STATUS;EFFDT;DEPTID;CUST_ID,DailyExtractOracleStgHr.param,$$PurgeIndicator,DTL__CAPXACTION,EFF_STATUS=ASC;EFFDT=ASC;DEPTID=ASC;CUST_ID=ASC;CDCROWID=ASC;DTL__CAPXTIMESTAMP=ASC;,EFF_STATUS;EFFDT;DEPTID;CUST_ID
45,Y,STGHRPS_KC_SB_PYMNT_TBL,STGHRPS_KC_SB_PYMNT_TBL,PS_KC_SB_PYMNT_TBL_PY,PAY_END_DT;KC_TIER_XLAT;KC_SB_SUB_PLAN;KC_SB_PLAN_TYPE;EMPL_RCD;EMPLID;YEARCD,PS_KC_SB_PYMNT_TBL_PY,PAY_END_DT;KC_TIER_XLAT;KC_SB_SUB_PLAN;KC_SB_PLAN_TYPE;EMPL_RCD;EMPLID;YEARCD,DailyExtractOracleStgHr.param,$$PurgeIndicator,DTL__CAPXACTION,PAY_END_DT=ASC;KC_TIER_XLAT=ASC;KC_SB_SUB_PLAN=ASC;KC_SB_PLAN_TYPE=ASC;EMPL_RCD=ASC;EMPLID=ASC;YEARCD=ASC;CDCROWID=ASC;DTL__CAPXTIMESTAMP=ASC;,PAY_END_DT;KC_TIER_XLAT;KC_SB_SUB_PLAN;KC_SB_PLAN_TYPE;EMPL_RCD;EMPLID;YEARCD
46,Y,STGHRPS_KC_UNPD_LV_TBL,STGHRPS_KC_UNPD_LV_TBL,PS_KC_UNPD_LV_TBL_PY,KC_ACA_UNPD_LV_CD;WEEK_END_DT;EMPLID,PS_KC_UNPD_LV_TBL_PY,KC_ACA_UNPD_LV_CD;WEEK_END_DT;EMPLID,DailyExtractOracleStgHr.param,$$PurgeIndicator,DTL__CAPXACTION,KC_ACA_UNPD_LV_CD=ASC;WEEK_END_DT=ASC;EMPLID=ASC;CDCROWID=ASC;DTL__CAPXTIMESTAMP=ASC;,KC_ACA_UNPD_LV_CD;WEEK_END_DT;EMPLID
47,Y,STGHRPS_KC_US_HOL_TBL,STGHRPS_KC_US_HOL_TBL,PS_KC_US_HOL_TBL_PY,HOLIDAY;KC_HOLIDAY_NAME;EMPLID,PS_KC_US_HOL_TBL_PY,HOLIDAY;KC_HOLIDAY_NAME;EMPLID,DailyExtractOracleStgHr.param,$$PurgeIndicator,DTL__CAPXACTION,HOLIDAY=ASC;KC_HOLIDAY_NAME=ASC;EMPLID=ASC;CDCROWID=ASC;DTL__CAPXTIMESTAMP=ASC;,HOLIDAY;KC_HOLIDAY_NAME;EMPLID
48,Y,STGHRPS_KC_USHOLPAY_DEF,STGHRPS_KC_USHOLPAY_DEF,PS_KC_USHOLPAY_DEF_PY,HOLIDAY;KC_HOLIDAY_NAME;DESCR30;WEEKS_OF_INSTRUCT;KC_HOL_PLAN_TYPE;YEARCD,PS_KC_USHOLPAY_DEF_PY,HOLIDAY;KC_HOLIDAY_NAME;DESCR30;WEEKS_OF_INSTRUCT;KC_HOL_PLAN_TYPE;YEARCD,DailyExtractOracleStgHr.param,$$PurgeIndicator,DTL__CAPXACTION,HOLIDAY=ASC;KC_HOLIDAY_NAME=ASC;DESCR30=ASC;WEEKS_OF_INSTRUCT=ASC;KC_HOL_PLAN_TYPE=ASC;YEARCD=ASC;CDCROWID=ASC;DTL__CAPXTIMESTAMP=ASC;,HOLIDAY;KC_HOLIDAY_NAME;DESCR30;WEEKS_OF_INSTRUCT;KC_HOL_PLAN_TYPE;YEARCD
49,Y,STGHRPS_KC_XREF_TBL,STGHRPS_KC_XREF_TBL,PS_KC_XREF_TBL_PY,EFFDT;KC_SOURCE_VALUE;KC_XREF_TYPE;KC_EXT_SYSTEM,PS_KC_XREF_TBL_PY,EFFDT;KC_SOURCE_VALUE;KC_XREF_TYPE;KC_EXT_SYSTEM,DailyExtractOracleStgHr.param,$$PurgeIndicator,DTL__CAPXACTION,EFFDT=ASC;KC_SOURCE_VALUE=ASC;KC_XREF_TYPE=ASC;KC_EXT_SYSTEM=ASC;CDCROWID=ASC;DTL__CAPXTIMESTAMP=ASC;,EFFDT;KC_SOURCE_VALUE;KC_XREF_TYPE;KC_EXT_SYSTEM
50,Y,STGHRPS_KCEEINTFCXRFARC,STGHRPS_KCEEINTFCXRFARC,PS_KCEEINTFCXRFARC_PY,EMPLID,PS_KCEEINTFCXRFARC_PY,EMPLID,DailyExtractOracleStgHr.param,$$PurgeIndicator,DTL__CAPXACTION,EMPLID=ASC;CDCROWID=ASC;DTL__CAPXTIMESTAMP=ASC;,EMPLID
51,Y,STGHRPS_PAY_CALENDAR,STGHRPS_PAY_CALENDAR,PS_PAY_CALENDAR_PY,COMPANY;PAY_END_DT;PAYGROUP,PS_PAY_CALENDAR_PY,COMPANY;PAY_END_DT;PAYGROUP,DailyExtractOracleStgHr.param,$$PurgeIndicator,DTL__CAPXACTION,COMPANY=ASC;PAY_END_DT=ASC;PAYGROUP=ASC;CDCROWID=ASC;DTL__CAPXTIMESTAMP=ASC;,COMPANY;PAY_END_DT;PAYGROUP
52,Y,STGHRPS_PAY_CHECK_VW,STGHRPS_PAY_CHECK_VW,PS_PAY_CHECK_PY,COMPANY;SEPCHK;LINE_NUM;PAGE_NUM;OFF_CYCLE;PAY_END_DT;PAYGROUP,PS_PAY_CHECK_PY,COMPANY;SEPCHK;LINE_NUM;PAGE_NUM;OFF_CYCLE;PAY_END_DT;PAYGROUP,DailyExtractOracleStgHr.param,$$PurgeIndicator,DTL__CAPXACTION,COMPANY=ASC;SEPCHK=ASC;LINE_NUM=ASC;PAGE_NUM=ASC;OFF_CYCLE=ASC;PAY_END_DT=ASC;PAYGROUP=ASC;CDCROWID=ASC;DTL__CAPXTIMESTAMP=ASC;,COMPANY;SEPCHK;LINE_NUM;PAGE_NUM;OFF_CYCLE;PAY_END_DT;PAYGROUP
53,Y,STGHRPS_PAY_CHECK_DEAD,STGHRPS_PAY_CHECK_DEAD,PS_PAY_CHECK_DEAD_PY,FORM_ID;PAYCHECK_NBR;DEAD_CHECK_REASON,PS_PAY_CHECK_DEAD_PY,FORM_ID;PAYCHECK_NBR;DEAD_CHECK_REASON,DailyExtractOracleStgHr.param,$$PurgeIndicator,DTL__CAPXACTION,FORM_ID=ASC;PAYCHECK_NBR=ASC;DEAD_CHECK_REASON=ASC;CDCROWID=ASC;DTL__CAPXTIMESTAMP=ASC;,FORM_ID;PAYCHECK_NBR;DEAD_CHECK_REASON
54,Y,STGHRPS_PAY_DEDUCTION,STGHRPS_PAY_DEDUCTION,PS_PAY_DEDUCTION_PY,DED_SLSTX_CLASS;DED_CLASS;DEDCD;BENEFIT_PLAN;PLAN_TYPE;BENEFIT_RCD_NBR;SEPCHK;LINE_NUM;PAGE_NUM;OFF_CYCLE;PAY_END_DT;PAYGROUP;COMPANY,PS_PAY_DEDUCTION_PY,DED_SLSTX_CLASS;DED_CLASS;DEDCD;BENEFIT_PLAN;PLAN_TYPE;BENEFIT_RCD_NBR;SEPCHK;LINE_NUM;PAGE_NUM;OFF_CYCLE;PAY_END_DT;PAYGROUP;COMPANY,DailyExtractOracleStgHr.param,$$PurgeIndicator,DTL__CAPXACTION,DED_SLSTX_CLASS=ASC;DED_CLASS=ASC;DEDCD=ASC;BENEFIT_PLAN=ASC;PLAN_TYPE=ASC;BENEFIT_RCD_NBR=ASC;SEPCHK=ASC;LINE_NUM=ASC;PAGE_NUM=ASC;OFF_CYCLE=ASC;PAY_END_DT=ASC;PAYGROUP=ASC;COMPANY=ASC;CDCROWID=ASC;DTL__CAPXTIMESTAMP=ASC;,DED_SLSTX_CLASS;DED_CLASS;DEDCD;BENEFIT_PLAN;PLAN_TYPE;BENEFIT_RCD_NBR;SEPCHK;LINE_NUM;PAGE_NUM;OFF_CYCLE;PAY_END_DT;PAYGROUP;COMPANY
55,Y,STGHRPS_PAY_EARNINGS,STGHRPS_PAY_EARNINGS,PS_PAY_EARNINGS_PY,COMPANY;ADDL_NBR;LINE_NUM;PAGE_NUM;OFF_CYCLE;PAY_END_DT;PAYGROUP,PS_PAY_EARNINGS_PY,COMPANY;ADDL_NBR;LINE_NUM;PAGE_NUM;OFF_CYCLE;PAY_END_DT;PAYGROUP,DailyExtractOracleStgHr.param,$$PurgeIndicator,DTL__CAPXACTION,COMPANY=ASC;ADDL_NBR=ASC;LINE_NUM=ASC;PAGE_NUM=ASC;OFF_CYCLE=ASC;PAY_END_DT=ASC;PAYGROUP=ASC;CDCROWID=ASC;DTL__CAPXTIMESTAMP=ASC;,COMPANY;ADDL_NBR;LINE_NUM;PAGE_NUM;OFF_CYCLE;PAY_END_DT;PAYGROUP
56,Y,STGHRPS_PAY_NA_CTX_DIST_VW,STGHRPS_PAY_NA_CTX_DIST_VW,PS_PAY_NA_CTX_DIST_PY,COMPANY;PAYGROUP;PAY_END_DT;OFF_CYCLE;PAGE_NUM;LINE_NUM;SEPCHK;PROVINCE;TAX_CLASS_CAN;PY_LIABEXPFLG;ACCT_CD;SEQNO,PS_PAY_NA_CTX_DIST_PY,COMPANY;PAYGROUP;PAY_END_DT;OFF_CYCLE;PAGE_NUM;LINE_NUM;SEPCHK;PROVINCE;TAX_CLASS_CAN;PY_LIABEXPFLG;ACCT_CD;SEQNO,DailyExtractOracleStgHr.param,$$PurgeIndicator,DTL__CAPXACTION,COMPANY=ASC;PAYGROUP=ASC;PAY_END_DT=ASC;OFF_CYCLE=ASC;PAGE_NUM=ASC;LINE_NUM=ASC;SEPCHK=ASC;PROVINCE=ASC;TAX_CLASS_CAN=ASC;PY_LIABEXPFLG=ASC;ACCT_CD=ASC;SEQNO=ASC;CDCROWID=ASC;DTL__CAPXTIMESTAMP=ASC;,COMPANY;PAYGROUP;PAY_END_DT;OFF_CYCLE;PAGE_NUM;LINE_NUM;SEPCHK;PROVINCE;TAX_CLASS_CAN;PY_LIABEXPFLG;ACCT_CD;SEQNO
57,Y,STGHRPS_PAY_NA_TAX_DIST_VW,STGHRPS_PAY_NA_TAX_DIST_VW,PS_PAY_NA_TAX_DIST_PY,COMPANY;PAYGROUP;PAY_END_DT;OFF_CYCLE;PAGE_NUM;LINE_NUM;SEPCHK;STATE;LOCALITY;TAX_CLASS;WORK_PSD_CD;PY_LIABEXPFLG;ACCT_CD;SEQNO,PS_PAY_NA_TAX_DIST_PY,COMPANY;PAYGROUP;PAY_END_DT;OFF_CYCLE;PAGE_NUM;LINE_NUM;SEPCHK;STATE;LOCALITY;TAX_CLASS;WORK_PSD_CD;PY_LIABEXPFLG;ACCT_CD;SEQNO,DailyExtractOracleStgHr.param,$$PurgeIndicator,DTL__CAPXACTION,COMPANY=ASC;PAYGROUP=ASC;PAY_END_DT=ASC;OFF_CYCLE=ASC;PAGE_NUM=ASC;LINE_NUM=ASC;SEPCHK=ASC;STATE=ASC;LOCALITY=ASC;TAX_CLASS=ASC;WORK_PSD_CD=ASC;PY_LIABEXPFLG=ASC;ACCT_CD=ASC;SEQNO=ASC;CDCROWID=ASC;DTL__CAPXTIMESTAMP=ASC;,COMPANY;PAYGROUP;PAY_END_DT;OFF_CYCLE;PAGE_NUM;LINE_NUM;SEPCHK;STATE;LOCALITY;TAX_CLASS;WORK_PSD_CD;PY_LIABEXPFLG;ACCT_CD;SEQNO
58,Y,STGHRPS_PAY_OTH_EARNS,STGHRPS_PAY_OTH_EARNS,PS_PAY_OTH_EARNS_PY,ERNCD;ADDL_NBR;LINE_NUM;PAGE_NUM;OFF_CYCLE;PAY_END_DT;PAYGROUP;COMPANY,PS_PAY_OTH_EARNS_PY,ERNCD;ADDL_NBR;LINE_NUM;PAGE_NUM;OFF_CYCLE;PAY_END_DT;PAYGROUP;COMPANY,DailyExtractOracleStgHr.param,$$PurgeIndicator,DTL__CAPXACTION,ERNCD=ASC;ADDL_NBR=ASC;LINE_NUM=ASC;PAGE_NUM=ASC;OFF_CYCLE=ASC;PAY_END_DT=ASC;PAYGROUP=ASC;COMPANY=ASC;CDCROWID=ASC;DTL__CAPXTIMESTAMP=ASC;,ERNCD;ADDL_NBR;LINE_NUM;PAGE_NUM;OFF_CYCLE;PAY_END_DT;PAYGROUP;COMPANY
59,Y,STGHRPS_PAY_TAX,STGHRPS_PAY_TAX,PS_PAY_TAX_PY,COMPANY;RES_PSD_CD;WORK_PSD_CD;TAX_CLASS;LOCALITY;STATE;SEPCHK;LINE_NUM;PAGE_NUM;OFF_CYCLE;PAY_END_DT;PAYGROUP,PS_PAY_TAX_PY,COMPANY;RES_PSD_CD;WORK_PSD_CD;TAX_CLASS;LOCALITY;STATE;SEPCHK;LINE_NUM;PAGE_NUM;OFF_CYCLE;PAY_END_DT;PAYGROUP,DailyExtractOracleStgHr.param,$$PurgeIndicator,DTL__CAPXACTION,COMPANY=ASC;RES_PSD_CD=ASC;WORK_PSD_CD=ASC;TAX_CLASS=ASC;LOCALITY=ASC;STATE=ASC;SEPCHK=ASC;LINE_NUM=ASC;PAGE_NUM=ASC;OFF_CYCLE=ASC;PAY_END_DT=ASC;PAYGROUP=ASC;CDCROWID=ASC;DTL__CAPXTIMESTAMP=ASC;,COMPANY;RES_PSD_CD;WORK_PSD_CD;TAX_CLASS;LOCALITY;STATE;SEPCHK;LINE_NUM;PAGE_NUM;OFF_CYCLE;PAY_END_DT;PAYGROUP
60,Y,STGHRPS_PAY_TAX_CAN,STGHRPS_PAY_TAX_CAN,PS_PAY_TAX_CAN_PY,TAX_CLASS_CAN;PROVINCE;SEPCHK;LINE_NUM;PAGE_NUM;OFF_CYCLE;PAY_END_DT;PAYGROUP;COMPANY,PS_PAY_TAX_CAN_PY,TAX_CLASS_CAN;PROVINCE;SEPCHK;LINE_NUM;PAGE_NUM;OFF_CYCLE;PAY_END_DT;PAYGROUP;COMPANY,DailyExtractOracleStgHr.param,$$PurgeIndicator,DTL__CAPXACTION,TAX_CLASS_CAN=ASC;PROVINCE=ASC;SEPCHK=ASC;LINE_NUM=ASC;PAGE_NUM=ASC;OFF_CYCLE=ASC;PAY_END_DT=ASC;PAYGROUP=ASC;COMPANY=ASC;CDCROWID=ASC;DTL__CAPXTIMESTAMP=ASC;,TAX_CLASS_CAN;PROVINCE;SEPCHK;LINE_NUM;PAGE_NUM;OFF_CYCLE;PAY_END_DT;PAYGROUP;COMPANY
61,Y,STGHRPS_PERS_NID,STGHRPS_PERS_NID,PS_PERS_NID_PY,NATIONAL_ID_TYPE;COUNTRY;EMPLID,PS_PERS_NID_PY,NATIONAL_ID_TYPE;COUNTRY;EMPLID,DailyExtractOracleStgHr.param,$$PurgeIndicator,DTL__CAPXACTION,NATIONAL_ID_TYPE=ASC;COUNTRY=ASC;EMPLID=ASC;CDCROWID=ASC;DTL__CAPXTIMESTAMP=ASC;,NATIONAL_ID_TYPE;COUNTRY;EMPLID
62,Y,STGHRPS_PERSONAL_DATA_VW,STGHRPS_PERSONAL_DATA_VW,PS_PERSONAL_DATA_PY,EMPLID,PS_PERSONAL_DATA_PY,EMPLID,DailyExtractOracleStgHr.param,$$PurgeIndicator,DTL__CAPXACTION,EMPLID=ASC;CDCROWID=ASC;DTL__CAPXTIMESTAMP=ASC;,EMPLID
63,Y,STGHRPS_PRODUCT_TBL,STGHRPS_PRODUCT_TBL,PS_PRODUCT_TBL_PY,EFFDT;PRODUCT;SETID,PS_PRODUCT_TBL_PY,EFFDT;PRODUCT;SETID,DailyExtractOracleStgHr.param,$$PurgeIndicator,DTL__CAPXACTION,EFFDT=ASC;PRODUCT=ASC;SETID=ASC;CDCROWID=ASC;DTL__CAPXTIMESTAMP=ASC;,EFFDT;PRODUCT;SETID
64,Y,STGHRPS_PYGL_ACTIVERNMP,STGHRPS_PYGL_ACTIVERNMP,PS_PYGL_ACTIVERNMP_PY,COMPANY;PYGL_GROUPNAME;EFFDT;ERNCD,PS_PYGL_ACTIVERNMP_PY,COMPANY;PYGL_GROUPNAME;EFFDT;ERNCD,DailyExtractOracleStgHr.param,$$PurgeIndicator,DTL__CAPXACTION,COMPANY=ASC;PYGL_GROUPNAME=ASC;EFFDT=ASC;ERNCD=ASC;CDCROWID=ASC;DTL__CAPXTIMESTAMP=ASC;,COMPANY;PYGL_GROUPNAME;EFFDT;ERNCD
65,Y,STGHRPS_PYGL_ACTIVTAXMP,STGHRPS_PYGL_ACTIVTAXMP,PS_PYGL_ACTIVTAXMP_PY,COMPANY;PYGL_GROUPNAME;EFFDT;PYGL_TAX_COUNTRY;STATE;LOCALITY;WAGE_LOSS_PLAN;PYGL_TAX_CLASS,PS_PYGL_ACTIVTAXMP_PY,COMPANY;PYGL_GROUPNAME;EFFDT;PYGL_TAX_COUNTRY;STATE;LOCALITY;WAGE_LOSS_PLAN;PYGL_TAX_CLASS,DailyExtractOracleStgHr.param,$$PurgeIndicator,DTL__CAPXACTION,COMPANY=ASC;PYGL_GROUPNAME=ASC;EFFDT=ASC;PYGL_TAX_COUNTRY=ASC;STATE=ASC;LOCALITY=ASC;WAGE_LOSS_PLAN=ASC;PYGL_TAX_CLASS=ASC;CDCROWID=ASC;DTL__CAPXTIMESTAMP=ASC;,COMPANY;PYGL_GROUPNAME;EFFDT;PYGL_TAX_COUNTRY;STATE;LOCALITY;WAGE_LOSS_PLAN;PYGL_TAX_CLASS
66,Y,STGHRPS_ST_OTH_TAX_TBL,STGHRPS_ST_OTH_TAX_TBL,PS_ST_OTH_TAX_TBL_PY,TAX_CLASS;EFFDT;STATE,PS_ST_OTH_TAX_TBL_PY,TAX_CLASS;EFFDT;STATE,DailyExtractOracleStgHr.param,$$PurgeIndicator,DTL__CAPXACTION,TAX_CLASS=ASC;EFFDT=ASC;STATE=ASC;CDCROWID=ASC;DTL__CAPXTIMESTAMP=ASC;,TAX_CLASS;EFFDT;STATE
67,Y,STGHRPS_TL_ERNCD_TBL,STGHRPS_TL_ERNCD_TBL,PS_TL_ERNCD_TBL_PY,PAY_SYSTEM;EFFDT;TRC,PS_TL_ERNCD_TBL_PY,PAY_SYSTEM;EFFDT;TRC,DailyExtractOracleStgHr.param,$$PurgeIndicator,DTL__CAPXACTION,PAY_SYSTEM=ASC;EFFDT=ASC;TRC=ASC;CDCROWID=ASC;DTL__CAPXTIMESTAMP=ASC;,PAY_SYSTEM;EFFDT;TRC
68,Y,STGHRPS_TL_PAYABLE_TIME_VW,STGHRPS_TL_PAYABLE_TIME_VW,PS_TL_PAYABLE_TIME_PY,EMPLID;SEQ_NBR;DUR;EMPL_RCD,PS_TL_PAYABLE_TIME_PY,EMPLID;SEQ_NBR;DUR;EMPL_RCD,DailyExtractOracleStgHr.param,$$PurgeIndicator,DTL__CAPXACTION,EMPLID=ASC;SEQ_NBR=ASC;DUR=ASC;EMPL_RCD=ASC;CDCROWID=ASC;DTL__CAPXTIMESTAMP=ASC;,EMPLID;SEQ_NBR;DUR;EMPL_RCD
69,Y,STGHRPS_TL_RPTD_TIME,STGHRPS_TL_RPTD_TIME,PS_TL_RPTD_TIME_PY,SEQ_NBR;DUR;EMPL_RCD;EMPLID,PS_TL_RPTD_TIME_PY,SEQ_NBR;DUR;EMPL_RCD;EMPLID,DailyExtractOracleStgHr.param,$$PurgeIndicator,DTL__CAPXACTION,SEQ_NBR=ASC;DUR=ASC;EMPL_RCD=ASC;EMPLID=ASC;CDCROWID=ASC;DTL__CAPXTIMESTAMP=ASC;,SEQ_NBR;DUR;EMPL_RCD;EMPLID
70,Y,STGHRPS_TL_TRC_PGM_TBL,STGHRPS_TL_TRC_PGM_TBL,PS_TL_TRC_PGM_TBL_PY,TRC_PROGRAM;EFFDT,PS_TL_TRC_PGM_TBL_PY,TRC_PROGRAM;EFFDT,DailyExtractOracleStgHr.param,$$PurgeIndicator,DTL__CAPXACTION,TRC_PROGRAM=ASC;EFFDT=ASC;CDCROWID=ASC;DTL__CAPXTIMESTAMP=ASC;,TRC_PROGRAM;EFFDT
71,Y,STGHRPS_TL_TRC_TBL,STGHRPS_TL_TRC_TBL,PS_TL_TRC_TBL_PY,EFFDT;TRC,PS_TL_TRC_TBL_PY,EFFDT;TRC,DailyExtractOracleStgHr.param,$$PurgeIndicator,DTL__CAPXACTION,EFFDT=ASC;TRC=ASC;CDCROWID=ASC;DTL__CAPXTIMESTAMP=ASC;,EFFDT;TRC
72,Y,STGHRPS_TL_TRCPGELE_TBL,STGHRPS_TL_TRCPGELE_TBL,PS_TL_TRCPGELE_TBL_PY,TRC_PROGRAM;EFFDT;TRC,PS_TL_TRCPGELE_TBL_PY,TRC_PROGRAM;EFFDT;TRC,DailyExtractOracleStgHr.param,$$PurgeIndicator,DTL__CAPXACTION,TRC_PROGRAM=ASC;EFFDT=ASC;TRC=ASC;CDCROWID=ASC;DTL__CAPXTIMESTAMP=ASC;,TRC_PROGRAM;EFFDT;TRC
73,Y,STGHRPS_TL_VAL_LIST_DTL,STGHRPS_TL_VAL_LIST_DTL,PS_TL_VAL_LIST_DTL_PY,VALUEGROUP;LIST_TYPE;LIST_ID,PS_TL_VAL_LIST_DTL_PY,VALUEGROUP;LIST_TYPE;LIST_ID,DailyExtractOracleStgHr.param,$$PurgeIndicator,DTL__CAPXACTION,VALUEGROUP=ASC;LIST_TYPE=ASC;LIST_ID=ASC;CDCROWID=ASC;DTL__CAPXTIMESTAMP=ASC;,VALUEGROUP;LIST_TYPE;LIST_ID
74,Y,STGHRPS_TL_XREF_TBL,STGHRPS_TL_XREF_TBL,PS_TL_XREF_TBL_PY,XREF_NUM;SEQ_NBR;PAY_SYSTEM,PS_TL_XREF_TBL_PY,XREF_NUM;SEQ_NBR;PAY_SYSTEM,DailyExtractOracleStgHr.param,$$PurgeIndicator,DTL__CAPXACTION,XREF_NUM=ASC;SEQ_NBR=ASC;PAY_SYSTEM=ASC;CDCROWID=ASC;DTL__CAPXTIMESTAMP=ASC;,XREF_NUM;SEQ_NBR;PAY_SYSTEM
75,Y,STGHRPSMSGCATDEFN,STGHRPSMSGCATDEFN,PSMSGCATDEFN_PY,MESSAGE_NBR;MESSAGE_SET_NBR,PSMSGCATDEFN_PY,MESSAGE_NBR;MESSAGE_SET_NBR,DailyExtractOracleStgHr.param,$$PurgeIndicator,DTL__CAPXACTION,MESSAGE_NBR=ASC;MESSAGE_SET_NBR=ASC;CDCROWID=ASC;DTL__CAPXTIMESTAMP=ASC;,MESSAGE_NBR;MESSAGE_SET_NBR
76,Y,STGHRPSXLATITEM,STGHRPSXLATITEM,PSXLATITEM_PY,FIELDNAME;FIELDVALUE;EFFDT,PSXLATITEM_PY,FIELDNAME;FIELDVALUE;EFFDT,DailyExtractOracleStgHr.param,$$PurgeIndicator,DTL__CAPXACTION,FIELDNAME=ASC;FIELDVALUE=ASC;EFFDT=ASC;CDCROWID=ASC;DTL__CAPXTIMESTAMP=ASC;,FIELDNAME;FIELDVALUE;EFFDT
