Seq,GenerateIndicator,pSourceConnection,SourceTable,TargetTable,pTargetTableName,parameterFileName
15,Y,OraCdcHr,PS_BUS_UNIT_TBL_HR,PS_BUS_UNIT_TBL_HR_PY,PS_BUS_UNIT_TBL_HR_PY,PeopleSoftFullRefreshHr2Teradata.param
16,Y,OraCdcHr,PS_CHARTFIELD1_TBL,PS_CHARTFIELD1_TBL_PY,PS_CHARTFIELD1_TBL_PY,PeopleSoftFullRefreshHr2Teradata.param
17,Y,OraCdcHr,PS_CO_STATETAX_TBL,PS_CO_STATETAX_TBL_PY,PS_CO_STATETAX_TBL_PY,PeopleSoftFullRefreshHr2Teradata.param
18,Y,OraCdcHr,PS_COMPANY_TBL,PS_COMPANY_TBL_PY,PS_COMPANY_TBL_PY,PeopleSoftFullRefreshHr2Teradata.param
19,Y,OraCdcHr,PS_CUSTOMER,PS_CUSTOMER_PY,PS_CUSTOMER_PY,PeopleSoftFullRefreshHr2Teradata.param
20,Y,OraCdcHr,PS_DEDUCTION_CLASS,PS_DEDUCTION_CLASS_PY,PS_DEDUCTION_CLASS_PY,PeopleSoftFullRefreshHr2Teradata.param
21,Y,OraCdcHr,PS_DEDUCTION_TBL,PS_DEDUCTION_TBL_PY,PS_DEDUCTION_TBL_PY,PeopleSoftFullRefreshHr2Teradata.param
22,Y,OraCdcHr,PS_DEPT_TBL,PS_DEPT_TBL_PY,PS_DEPT_TBL_PY,PeopleSoftFullRefreshHr2Teradata.param
23,Y,OraCdcHr,PS_EARNINGS_TBL,PS_EARNINGS_TBL_PY,PS_EARNINGS_TBL_PY,PeopleSoftFullRefreshHr2Teradata.param
24,Y,OraCdcHr,PS_ERN_PROGRAM_DEF,PS_ERN_PROGRAM_DEF_PY,PS_ERN_PROGRAM_DEF_PY,PeopleSoftFullRefreshHr2Teradata.param
25,Y,OraCdcHr,PS_ERN_PROGRAM_TBL,PS_ERN_PROGRAM_TBL_PY,PS_ERN_PROGRAM_TBL_PY,PeopleSoftFullRefreshHr2Teradata.param
26,Y,OraCdcHr,PS_FO_EMPL_XREF,PS_FO_EMPL_XREF_PY,PS_FO_EMPL_XREF_PY,PeopleSoftFullRefreshHr2Teradata.param
27,Y,OraCdcHr,PS_GL_GEN_HISTORY,PS_GL_GEN_HISTORY_PY,PS_GL_GEN_HISTORY_PY,PeopleSoftFullRefreshHr2Teradata.param
28,Y,OraCdcHr,PS_HOLIDAY_DATE,PS_HOLIDAY_DATE_PY,PS_HOLIDAY_DATE_PY,PeopleSoftFullRefreshHr2Teradata.param
29,Y,OraCdcHr,PS_HOLIDAY_TBL,PS_HOLIDAY_TBL_PY,PS_HOLIDAY_TBL_PY,PeopleSoftFullRefreshHr2Teradata.param
30,Y,OraCdcHr,PS_HR_ACCTG_LINE,PS_HR_ACCTG_LINE_PY,PS_HR_ACCTG_LINE_PY,PeopleSoftFullRefreshHr2Teradata.param
31,Y,OraCdcHr,PS_JOB,PS_JOB_PY,PS_JOB_PY,PeopleSoftFullRefreshHr2Teradata.param
32,Y,OraCdcHr,PS_JOB_FAMILY_TBL,PS_JOB_FAMILY_TBL_PY,PS_JOB_FAMILY_TBL_PY,PeopleSoftFullRefreshHr2Teradata.param
33,Y,OraCdcHr,PS_JOBCODE_TBL,PS_JOBCODE_TBL_PY,PS_JOBCODE_TBL_PY,PeopleSoftFullRefreshHr2Teradata.param
34,Y,OraCdcHr,PS_KC_ACA_ELIG_TBL,PS_KC_ACA_ELIG_TBL_PY,PS_KC_ACA_ELIG_TBL_PY,PeopleSoftFullRefreshHr2Teradata.param
35,Y,OraCdcHr,PS_KC_ACA_STG_TBL,PS_KC_ACA_STG_TBL_PY,PS_KC_ACA_STG_TBL_PY,PeopleSoftFullRefreshHr2Teradata.param
36,Y,OraCdcHr,PS_KC_EE_INTFC_XRF,PS_KC_EE_INTFC_XRF_PY,PS_KC_EE_INTFC_XRF_PY,PeopleSoftFullRefreshHr2Teradata.param
37,Y,OraCdcHr,PS_KC_HOV_ENRL_TBL,PS_KC_HOV_ENRL_TBL_PY,PS_KC_HOV_ENRL_TBL_PY,PeopleSoftFullRefreshHr2Teradata.param
38,Y,OraCdcHr,PS_KC_HOV_RPT_TBL,PS_KC_HOV_RPT_TBL_PY,PS_KC_HOV_RPT_TBL_PY,PeopleSoftFullRefreshHr2Teradata.param
39,Y,OraCdcHr,PS_KC_HOV_USER_TBL,PS_KC_HOV_USER_TBL_PY,PS_KC_HOV_USER_TBL_PY,PeopleSoftFullRefreshHr2Teradata.param
40,Y,OraCdcHr,PS_KC_HR_ACCTG_LNK,PS_KC_HR_ACCTG_LNK_PY,PS_KC_HR_ACCTG_LNK_PY,PeopleSoftFullRefreshHr2Teradata.param
41,N,OraCdcHr,PS_KC_HR0008_TBL,PS_KC_HR0008_TBL_PY,PS_KC_HR0008_TBL_PY,PeopleSoftFullRefreshHr2Teradata.param
42,Y,OraCdcHr,PS_KC_HR0067_OP,PS_KC_HR0067_OP_PY,PS_KC_HR0067_OP_PY,PeopleSoftFullRefreshHr2Teradata.param
43,Y,OraCdcHr,PS_KC_HR0087A_DEFN,PS_KC_HR0087A_DEFN_PY,PS_KC_HR0087A_DEFN_PY,PeopleSoftFullRefreshHr2Teradata.param
44,Y,OraCdcHr,PS_KC_SB_EXCEPTION,PS_KC_SB_EXCEPTION_PY,PS_KC_SB_EXCEPTION_PY,PeopleSoftFullRefreshHr2Teradata.param
45,Y,OraCdcHr,PS_KC_SB_PYMNT_TBL,PS_KC_SB_PYMNT_TBL_PY,PS_KC_SB_PYMNT_TBL_PY,PeopleSoftFullRefreshHr2Teradata.param
46,Y,OraCdcHr,PS_KC_UNPD_LV_TBL,PS_KC_UNPD_LV_TBL_PY,PS_KC_UNPD_LV_TBL_PY,PeopleSoftFullRefreshHr2Teradata.param
47,Y,OraCdcHr,PS_KC_US_HOL_TBL,PS_KC_US_HOL_TBL_PY,PS_KC_US_HOL_TBL_PY,PeopleSoftFullRefreshHr2Teradata.param
48,Y,OraCdcHr,PS_KC_USHOLPAY_DEF,PS_KC_USHOLPAY_DEF_PY,PS_KC_USHOLPAY_DEF_PY,PeopleSoftFullRefreshHr2Teradata.param
49,Y,OraCdcHr,PS_KC_XREF_TBL,PS_KC_XREF_TBL_PY,PS_KC_XREF_TBL_PY,PeopleSoftFullRefreshHr2Teradata.param
50,Y,OraCdcHr,PS_KCEEINTFCXRFARC,PS_KCEEINTFCXRFARC_PY,PS_KCEEINTFCXRFARC_PY,PeopleSoftFullRefreshHr2Teradata.param
51,Y,OraCdcHr,PS_PAY_CALENDAR,PS_PAY_CALENDAR_PY,PS_PAY_CALENDAR_PY,PeopleSoftFullRefreshHr2Teradata.param
52,Y,OraCdcHr,PS_PAY_CHECK_DEAD,PS_PAY_CHECK_DEAD_PY,PS_PAY_CHECK_DEAD_PY,PeopleSoftFullRefreshHr2Teradata.param
53,Y,OraCdcHr,PS_PAY_CHECK,PS_PAY_CHECK_PY,PS_PAY_CHECK_PY,PeopleSoftFullRefreshHr2Teradata.param
54,Y,OraCdcHr,PS_PAY_DEDUCTION,PS_PAY_DEDUCTION_PY,PS_PAY_DEDUCTION_PY,PeopleSoftFullRefreshHr2Teradata.param
55,Y,OraCdcHr,PS_PAY_EARNINGS,PS_PAY_EARNINGS_PY,PS_PAY_EARNINGS_PY,PeopleSoftFullRefreshHr2Teradata.param
56,Y,OraCdcHr,PS_PAY_NA_CTX_DIST,PS_PAY_NA_CTX_DIST_PY,PS_PAY_NA_CTX_DIST_PY,PeopleSoftFullRefreshHr2Teradata.param
57,Y,OraCdcHr,PS_PAY_NA_TAX_DIST,PS_PAY_NA_TAX_DIST_PY,PS_PAY_NA_TAX_DIST_PY,PeopleSoftFullRefreshHr2Teradata.param
58,Y,OraCdcHr,PS_PAY_OTH_EARNS,PS_PAY_OTH_EARNS_PY,PS_PAY_OTH_EARNS_PY,PeopleSoftFullRefreshHr2Teradata.param
59,Y,OraCdcHr,PS_PAY_TAX,PS_PAY_TAX_PY,PS_PAY_TAX_PY,PeopleSoftFullRefreshHr2Teradata.param
60,Y,OraCdcHr,PS_PAY_TAX_CAN,PS_PAY_TAX_CAN_PY,PS_PAY_TAX_CAN_PY,PeopleSoftFullRefreshHr2Teradata.param
61,Y,OraCdcHr,PS_PERS_NID,PS_PERS_NID_PY,PS_PERS_NID_PY,PeopleSoftFullRefreshHr2Teradata.param
62,Y,OraCdcHr,PS_PERSONAL_DATA,PS_PERSONAL_DATA_PY,PS_PERSONAL_DATA_PY,PeopleSoftFullRefreshHr2Teradata.param
63,Y,OraCdcHr,PS_PRODUCT_TBL,PS_PRODUCT_TBL_PY,PS_PRODUCT_TBL_PY,PeopleSoftFullRefreshHr2Teradata.param
64,Y,OraCdcHr,PS_PYGL_ACTIVERNMP,PS_PYGL_ACTIVERNMP_PY,PS_PYGL_ACTIVERNMP_PY,PeopleSoftFullRefreshHr2Teradata.param
65,Y,OraCdcHr,PS_PYGL_ACTIVTAXMP,PS_PYGL_ACTIVTAXMP_PY,PS_PYGL_ACTIVTAXMP_PY,PeopleSoftFullRefreshHr2Teradata.param
66,Y,OraCdcHr,PS_ST_OTH_TAX_TBL,PS_ST_OTH_TAX_TBL_PY,PS_ST_OTH_TAX_TBL_PY,PeopleSoftFullRefreshHr2Teradata.param
67,Y,OraCdcHr,PS_TL_ERNCD_TBL,PS_TL_ERNCD_TBL_PY,PS_TL_ERNCD_TBL_PY,PeopleSoftFullRefreshHr2Teradata.param
68,Y,OraCdcHr,PS_TL_PAYABLE_TIME,PS_TL_PAYABLE_TIME_PY,PS_TL_PAYABLE_TIME_PY,PeopleSoftFullRefreshHr2Teradata.param
69,Y,OraCdcHr,PS_TL_RPTD_TIME,PS_TL_RPTD_TIME_PY,PS_TL_RPTD_TIME_PY,PeopleSoftFullRefreshHr2Teradata.param
70,Y,OraCdcHr,PS_TL_TRC_PGM_TBL,PS_TL_TRC_PGM_TBL_PY,PS_TL_TRC_PGM_TBL_PY,PeopleSoftFullRefreshHr2Teradata.param
71,Y,OraCdcHr,PS_TL_TRC_TBL,PS_TL_TRC_TBL_PY,PS_TL_TRC_TBL_PY,PeopleSoftFullRefreshHr2Teradata.param
72,Y,OraCdcHr,PS_TL_TRCPGELE_TBL,PS_TL_TRCPGELE_TBL_PY,PS_TL_TRCPGELE_TBL_PY,PeopleSoftFullRefreshHr2Teradata.param
73,Y,OraCdcHr,PS_TL_VAL_LIST_DTL,PS_TL_VAL_LIST_DTL_PY,PS_TL_VAL_LIST_DTL_PY,PeopleSoftFullRefreshHr2Teradata.param
74,Y,OraCdcHr,PS_TL_XREF_TBL,PS_TL_XREF_TBL_PY,PS_TL_XREF_TBL_PY,PeopleSoftFullRefreshHr2Teradata.param
75,Y,OraCdcHr,PSMSGCATDEFN,PSMSGCATDEFN_PY,PSMSGCATDEFN_PY,PeopleSoftFullRefreshHr2Teradata.param
76,Y,OraCdcHr,PSXLATITEM,PSXLATITEM_PY,PSXLATITEM_PY,PeopleSoftFullRefreshHr2Teradata.param
