Seq,GenerateIndicator,pSourceConnection,SourceTable,TargetTable,pTargetTableName,parameterFileName
1,Y,OraCdcFn,PS_AGING_CATEG_TBL,PS_AGING_CATEG_TBL_GL,PS_AGING_CATEG_TBL_GL,PeopleSoftFullRefreshFn2Teradata.param
2,Y,OraCdcFn,PS_ALTACCT_TBL,PS_ALTACCT_TBL_GL,PS_ALTACCT_TBL_GL,PeopleSoftFullRefreshFn2Teradata.param
3,Y,OraCdcFn,PS_ALTACCT_XREF,PS_ALTACCT_XREF_GL,PS_ALTACCT_XREF_GL,PeopleSoftFullRefreshFn2Teradata.param
4,Y,OraCdcFn,PS_BUS_UNIT_TBL_FS,PS_BUS_UNIT_TBL_FS_GL,PS_BUS_UNIT_TBL_FS_GL,PeopleSoftFullRefreshFn2Teradata.param
5,Y,OraCdcFn,PS_CAL_DETP_TBL,PS_CAL_DETP_TBL_GL,PS_CAL_DETP_TBL_GL,PeopleSoftFullRefreshFn2Teradata.param
6,Y,OraCdcFn,PS_CHARTFIELD1_TBL,PS_CHARTFIELD1_TBL_GL,PS_CHARTFIELD1_TBL_GL,PeopleSoftFullRefreshFn2Teradata.param
7,Y,OraCdcFn,PS_CURRENCY_CD_TBL,PS_CURRENCY_CD_TBL_GL,PS_CURRENCY_CD_TBL_GL,PeopleSoftFullRefreshFn2Teradata.param
8,Y,OraCdcFn,PS_DEPT_TBL,PS_DEPT_TBL_GL,PS_DEPT_TBL_GL,PeopleSoftFullRefreshFn2Teradata.param
9,Y,OraCdcFn,PS_GL_ACCOUNT_TBL,PS_GL_ACCOUNT_TBL_GL,PS_GL_ACCOUNT_TBL_GL,PeopleSoftFullRefreshFn2Teradata.param
10,Y,OraCdcFn,PS_KC_AS_INTFC_XRF,PS_KC_AS_INTFC_XRF_GL,PS_KC_AS_INTFC_XRF_GL,PeopleSoftFullRefreshFn2Teradata.param
11,Y,OraCdcFn,PS_KC_GL_ACCT_TBL,PS_KC_GL_ACCT_TBL_GL,PS_KC_GL_ACCT_TBL_GL,PeopleSoftFullRefreshFn2Teradata.param
12,Y,OraCdcFn,PS_LEDGER,PS_LEDGER_GL,PS_LEDGER_GL,PeopleSoftFullRefreshFn2Teradata.param
13,Y,OraCdcFn,PS_PRODUCT_TBL,PS_PRODUCT_TBL_GL,PS_PRODUCT_TBL_GL,PeopleSoftFullRefreshFn2Teradata.param
14,Y,OraCdcFn,PS_VENDOR,PS_VENDOR_GL,PS_VENDOR_GL,PeopleSoftFullRefreshFn2Teradata.param
