Seq,GenerateIndicator,pOraODBCSourceConnection,SrcTbl,TgtTbl,pTgtTableName,parameterFileName
15,Y,OraCdcHr,Ps_Bus_Unit_Tbl_Hr,CdcHrPs_Bus_Unit_Tbl_Hr,CdcHrPs_Bus_Unit_Tbl_Hr,PeopleSoftFullRefreshHr2SqlDw.param
16,Y,OraCdcHr,Ps_Chartfield1_Tbl,CdcHrPs_Chartfield1_Tbl,CdcHrPs_Chartfield1_Tbl,PeopleSoftFullRefreshHr2SqlDw.param
17,Y,OraCdcHr,Ps_Co_Statetax_Tbl,CdcHrPs_Co_Statetax_Tbl,CdcHrPs_Co_Statetax_Tbl,PeopleSoftFullRefreshHr2SqlDw.param
18,Y,OraCdcHr,Ps_Company_Tbl,CdcHrPs_Company_Tbl,CdcHrPs_Company_Tbl,PeopleSoftFullRefreshHr2SqlDw.param
19,Y,OraCdcHr,Ps_Customer,CdcHrPs_Customer,CdcHrPs_Customer,PeopleSoftFullRefreshHr2SqlDw.param
20,Y,OraCdcHr,Ps_Deduction_Class,CdcHrPs_Deduction_Class,CdcHrPs_Deduction_Class,PeopleSoftFullRefreshHr2SqlDw.param
21,Y,OraCdcHr,Ps_Deduction_Tbl,CdcHrPs_Deduction_Tbl,CdcHrPs_Deduction_Tbl,PeopleSoftFullRefreshHr2SqlDw.param
22,Y,OraCdcHr,Ps_Dept_Tbl,CdcHrPs_Dept_Tbl,CdcHrPs_Dept_Tbl,PeopleSoftFullRefreshHr2SqlDw.param
23,Y,OraCdcHr,Ps_Earnings_Tbl,CdcHrPs_Earnings_Tbl,CdcHrPs_Earnings_Tbl,PeopleSoftFullRefreshHr2SqlDw.param
24,Y,OraCdcHr,Ps_Ern_Program_Def,CdcHrPs_Ern_Program_Def,CdcHrPs_Ern_Program_Def,PeopleSoftFullRefreshHr2SqlDw.param
25,Y,OraCdcHr,Ps_Ern_Program_Tbl,CdcHrPs_Ern_Program_Tbl,CdcHrPs_Ern_Program_Tbl,PeopleSoftFullRefreshHr2SqlDw.param
26,Y,OraCdcHr,Ps_Fo_Empl_Xref,CdcHrPs_Fo_Empl_Xref,CdcHrPs_Fo_Empl_Xref,PeopleSoftFullRefreshHr2SqlDw.param
27,Y,OraCdcHr,Ps_Gl_Gen_History,CdcHrPs_Gl_Gen_History,CdcHrPs_Gl_Gen_History,PeopleSoftFullRefreshHr2SqlDw.param
28,Y,OraCdcHr,Ps_Holiday_Date,CdcHrPs_Holiday_Date,CdcHrPs_Holiday_Date,PeopleSoftFullRefreshHr2SqlDw.param
29,Y,OraCdcHr,Ps_Holiday_Tbl,CdcHrPs_Holiday_Tbl,CdcHrPs_Holiday_Tbl,PeopleSoftFullRefreshHr2SqlDw.param
32,Y,OraCdcHr,Ps_Job_Family_Tbl,CdcHrPs_Job_Family_Tbl,CdcHrPs_Job_Family_Tbl,PeopleSoftFullRefreshHr2SqlDw.param
33,Y,OraCdcHr,Ps_Jobcode_Tbl,CdcHrPs_Jobcode_Tbl,CdcHrPs_Jobcode_Tbl,PeopleSoftFullRefreshHr2SqlDw.param
34,Y,OraCdcHr,Ps_Kc_Aca_Elig_Tbl,CdcHrPs_Kc_Aca_Elig_Tbl,CdcHrPs_Kc_Aca_Elig_Tbl,PeopleSoftFullRefreshHr2SqlDw.param
35,Y,OraCdcHr,Ps_Kc_Aca_Stg_Tbl,CdcHrPs_Kc_Aca_Stg_Tbl,CdcHrPs_Kc_Aca_Stg_Tbl,PeopleSoftFullRefreshHr2SqlDw.param
36,Y,OraCdcHr,Ps_Kc_Ee_Intfc_Xrf,CdcHrPs_Kc_Ee_Intfc_Xrf,CdcHrPs_Kc_Ee_Intfc_Xrf,PeopleSoftFullRefreshHr2SqlDw.param
37,Y,OraCdcHr,Ps_Kc_Hov_Enrl_Tbl,CdcHrPs_Kc_Hov_Enrl_Tbl,CdcHrPs_Kc_Hov_Enrl_Tbl,PeopleSoftFullRefreshHr2SqlDw.param
38,Y,OraCdcHr,Ps_Kc_Hov_Rpt_Tbl,CdcHrPs_Kc_Hov_Rpt_Tbl,CdcHrPs_Kc_Hov_Rpt_Tbl,PeopleSoftFullRefreshHr2SqlDw.param
39,Y,OraCdcHr,Ps_Kc_Hov_User_Tbl,CdcHrPs_Kc_Hov_User_Tbl,CdcHrPs_Kc_Hov_User_Tbl,PeopleSoftFullRefreshHr2SqlDw.param
41,N,OraCdcHr,Ps_Kc_Hr0008_Tbl,CdcHrPs_Kc_Hr0008_Tbl,CdcHrPs_Kc_Hr0008_Tbl,PeopleSoftFullRefreshHr2SqlDw.param
42,Y,OraCdcHr,Ps_Kc_Hr0067_Op,CdcHrPs_Kc_Hr0067_Op,CdcHrPs_Kc_Hr0067_Op,PeopleSoftFullRefreshHr2SqlDw.param
43,Y,OraCdcHr,Ps_Kc_Hr0087A_Defn,CdcHrPs_Kc_Hr0087A_Defn,CdcHrPs_Kc_Hr0087A_Defn,PeopleSoftFullRefreshHr2SqlDw.param
44,Y,OraCdcHr,Ps_Kc_Sb_Exception,CdcHrPs_Kc_Sb_Exception,CdcHrPs_Kc_Sb_Exception,PeopleSoftFullRefreshHr2SqlDw.param
45,Y,OraCdcHr,Ps_Kc_Sb_Pymnt_Tbl,CdcHrPs_Kc_Sb_Pymnt_Tbl,CdcHrPs_Kc_Sb_Pymnt_Tbl,PeopleSoftFullRefreshHr2SqlDw.param
46,Y,OraCdcHr,Ps_Kc_Unpd_Lv_Tbl,CdcHrPs_Kc_Unpd_Lv_Tbl,CdcHrPs_Kc_Unpd_Lv_Tbl,PeopleSoftFullRefreshHr2SqlDw.param
47,Y,OraCdcHr,Ps_Kc_Us_Hol_Tbl,CdcHrPs_Kc_Us_Hol_Tbl,CdcHrPs_Kc_Us_Hol_Tbl,PeopleSoftFullRefreshHr2SqlDw.param
48,Y,OraCdcHr,Ps_Kc_Usholpay_Def,CdcHrPs_Kc_Usholpay_Def,CdcHrPs_Kc_Usholpay_Def,PeopleSoftFullRefreshHr2SqlDw.param
49,Y,OraCdcHr,Ps_Kc_Xref_Tbl,CdcHrPs_Kc_Xref_Tbl,CdcHrPs_Kc_Xref_Tbl,PeopleSoftFullRefreshHr2SqlDw.param
50,Y,OraCdcHr,Ps_Kceeintfcxrfarc,CdcHrPs_Kceeintfcxrfarc,CdcHrPs_Kceeintfcxrfarc,PeopleSoftFullRefreshHr2SqlDw.param
51,Y,OraCdcHr,Ps_Pay_Calendar,CdcHrPs_Pay_Calendar,CdcHrPs_Pay_Calendar,PeopleSoftFullRefreshHr2SqlDw.param
53,Y,OraCdcHr,Ps_Pay_Check_Dead,CdcHrPs_Pay_Check_Dead,CdcHrPs_Pay_Check_Dead,PeopleSoftFullRefreshHr2SqlDw.param
54,Y,OraCdcHr,Ps_Pay_Deduction,CdcHrPs_Pay_Deduction,CdcHrPs_Pay_Deduction,PeopleSoftFullRefreshHr2SqlDw.param
60,Y,OraCdcHr,Ps_Pay_Tax_Can,CdcHrPs_Pay_Tax_Can,CdcHrPs_Pay_Tax_Can,PeopleSoftFullRefreshHr2SqlDw.param
61,Y,OraCdcHr,Ps_Pers_Nid,CdcHrPs_Pers_Nid,CdcHrPs_Pers_Nid,PeopleSoftFullRefreshHr2SqlDw.param
62,Y,OraCdcHr,Ps_Personal_Data,CdcHrPs_Personal_Data,CdcHrPs_Personal_Data,PeopleSoftFullRefreshHr2SqlDw.param
63,Y,OraCdcHr,Ps_Product_Tbl,CdcHrPs_Product_Tbl,CdcHrPs_Product_Tbl,PeopleSoftFullRefreshHr2SqlDw.param
64,Y,OraCdcHr,Ps_Pygl_Activernmp,CdcHrPs_Pygl_Activernmp,CdcHrPs_Pygl_Activernmp,PeopleSoftFullRefreshHr2SqlDw.param
65,Y,OraCdcHr,Ps_Pygl_Activtaxmp,CdcHrPs_Pygl_Activtaxmp,CdcHrPs_Pygl_Activtaxmp,PeopleSoftFullRefreshHr2SqlDw.param
66,Y,OraCdcHr,Ps_St_Oth_Tax_Tbl,CdcHrPs_St_Oth_Tax_Tbl,CdcHrPs_St_Oth_Tax_Tbl,PeopleSoftFullRefreshHr2SqlDw.param
67,Y,OraCdcHr,Ps_Tl_Erncd_Tbl,CdcHrPs_Tl_Erncd_Tbl,CdcHrPs_Tl_Erncd_Tbl,PeopleSoftFullRefreshHr2SqlDw.param
70,Y,OraCdcHr,Ps_Tl_Trc_Pgm_Tbl,CdcHrPs_Tl_Trc_Pgm_Tbl,CdcHrPs_Tl_Trc_Pgm_Tbl,PeopleSoftFullRefreshHr2SqlDw.param
71,Y,OraCdcHr,Ps_Tl_Trc_Tbl,CdcHrPs_Tl_Trc_Tbl,CdcHrPs_Tl_Trc_Tbl,PeopleSoftFullRefreshHr2SqlDw.param
72,Y,OraCdcHr,Ps_Tl_Trcpgele_Tbl,CdcHrPs_Tl_Trcpgele_Tbl,CdcHrPs_Tl_Trcpgele_Tbl,PeopleSoftFullRefreshHr2SqlDw.param
73,Y,OraCdcHr,Ps_Tl_Val_List_Dtl,CdcHrPs_Tl_Val_List_Dtl,CdcHrPs_Tl_Val_List_Dtl,PeopleSoftFullRefreshHr2SqlDw.param
74,Y,OraCdcHr,Ps_Tl_Xref_Tbl,CdcHrPs_Tl_Xref_Tbl,CdcHrPs_Tl_Xref_Tbl,PeopleSoftFullRefreshHr2SqlDw.param
75,Y,OraCdcHr,Psmsgcatdefn,CdcHrPsmsgcatdefn,CdcHrPsmsgcatdefn,PeopleSoftFullRefreshHr2SqlDw.param
76,Y,OraCdcHr,Psxlatitem,CdcHrPsxlatitem,CdcHrPsxlatitem,PeopleSoftFullRefreshHr2SqlDw.param
77,Y,OraCdcHr,PS_KC_WORK_ADDRESS,CdcHrPs_Kc_Work_Address,CdcHrPs_Kc_Work_Address,PeopleSoftFullRefreshHr2SqlDw.param
