Seq,GenerateIndicator,pOraODBCSourceConnection,SrcTbl,TgtTbl,pTgtTableName,parameterFileName
1,Y,OraCdcFn,Ps_Aging_Categ_Tbl,CdcFnPs_Aging_Categ_Tbl,CdcFnPs_Aging_Categ_Tbl,PeopleSoftFullRefreshFn2SqlDw.param
2,Y,OraCdcFn,Ps_Altacct_Tbl,CdcFnPs_Altacct_Tbl,CdcFnPs_Altacct_Tbl,PeopleSoftFullRefreshFn2SqlDw.param
3,Y,OraCdcFn,Ps_Altacct_Xref,CdcFnPs_Altacct_Xref,CdcFnPs_Altacct_Xref,PeopleSoftFullRefreshFn2SqlDw.param
4,Y,OraCdcFn,Ps_Bus_Unit_Tbl_Fs,CdcFnPs_Bus_Unit_Tbl_Fs,CdcFnPs_Bus_Unit_Tbl_Fs,PeopleSoftFullRefreshFn2SqlDw.param
5,Y,OraCdcFn,Ps_Cal_Detp_Tbl,CdcFnPs_Cal_Detp_Tbl,CdcFnPs_Cal_Detp_Tbl,PeopleSoftFullRefreshFn2SqlDw.param
6,Y,OraCdcFn,Ps_Chartfield1_Tbl,CdcFnPs_Chartfield1_Tbl,CdcFnPs_Chartfield1_Tbl,PeopleSoftFullRefreshFn2SqlDw.param
7,Y,OraCdcFn,Ps_Currency_Cd_Tbl,CdcFnPs_Currency_Cd_Tbl,CdcFnPs_Currency_Cd_Tbl,PeopleSoftFullRefreshFn2SqlDw.param
8,Y,OraCdcFn,Ps_Dept_Tbl,CdcFnPs_Dept_Tbl,CdcFnPs_Dept_Tbl,PeopleSoftFullRefreshFn2SqlDw.param
9,Y,OraCdcFn,Ps_Gl_Account_Tbl,CdcFnPs_Gl_Account_Tbl,CdcFnPs_Gl_Account_Tbl,PeopleSoftFullRefreshFn2SqlDw.param
10,Y,OraCdcFn,Ps_Kc_As_Intfc_Xrf,CdcFnPs_Kc_As_Intfc_Xrf,CdcFnPs_Kc_As_Intfc_Xrf,PeopleSoftFullRefreshFn2SqlDw.param
11,Y,OraCdcFn,Ps_Kc_Gl_Acct_Tbl,CdcFnPs_Kc_Gl_Acct_Tbl,CdcFnPs_Kc_Gl_Acct_Tbl,PeopleSoftFullRefreshFn2SqlDw.param
13,Y,OraCdcFn,Ps_Product_Tbl,CdcFnPs_Product_Tbl,CdcFnPs_Product_Tbl,PeopleSoftFullRefreshFn2SqlDw.param
14,Y,OraCdcFn,Ps_Vendor,CdcFnPs_Vendor,CdcFnPs_Vendor,PeopleSoftFullRefreshFn2SqlDw.param
