{
    "organization_url" : "https://dev.azure.com/kellyservices",
    "project_id" : "0ffd1498-9e66-44be-9f4f-9fbc5c8dffac",
    "project_name" : "AIM",
    "emaildefaultrecipients": "BICC.Infrastructure@kellyservices.com",
    "sendemailtorecipientsonsuccess": true,
    "iics": 
    {
        "pullrequestenabled": false,
        "dsfserverpath": "\\\\amer\\dfs",
        "export_package_path": "aimdev\\iics\\infadev\\deployment\\export",
        "archive_path": "_archive",
        "log_path": "_logs",
        "feature_directory_name_starts_with": "feature_",
        "repository_id":"232590d7-0364-42dc-af0c-b9e489ed14ef",
        "repos": {
            "z_deploymenttest":"25c5e024-f712-4c50-b8d7-abd12c929f5c",
            "tsca":"85103282-ff34-4f2c-9d03-73d2a2daff3d",
            "aim":"a15411d3-1587-43d3-b6cb-ebed7c9534f4",
            "mdm":"24358af5-8afd-4930-9408-5e6b9249f246"
        },
        "exclude_projects": "z_deploymenttest,tsca,aim,mdm",
        "reviewers": {
            "z_deploymenttest": "b9d3f802-6a1c-6b8d-9cfb-9ceee8485d8c"
        },
        "dev": {
            "targeted_branch_name" : "refs/heads/sqa"
        }
    },
    "cognos": 
    {
        "pullrequestenabled": false,
        "dfsserverpath": "\\\\amer\\dfs",
        "deployment_path": "aimdev\\cognos\\cogdev\\deployment",
        "export_report_path": "export",
        "archive_path": "_archive",
        "log_path": "_logs",
        "feature_directory_name_starts_with": "feature_",
        "repository_id": "10bc5a66-901d-4f79-b64d-a701629da33b",
        "xml_file_name": "package1.xml",
        "email_notification_label": "Request by",
        "dev": {
            "targeted_branch_name" : "refs/heads/sqa"
        }
    }
}