{
    "@type": "mtTask",
    "description": "Python-generated MCT for moving delta data from Erecruit to Azure SQL DW Staging  Source Table: AboutTypes, Target Table: StgErAboutTypes",
    "enableCrossSchemaPushdown": false,
    "inOutParameters": [],
    "mappingId": "0101M01700000000009N",
    "maxLogs": 10,
    "name": "Tsk_Erecruit2StgErAboutTypes",
    "orgId": "0101M0",
    "parameterFileName": "DailyExtractERecruitDTP2Stg.param",
    "parameters": [
        {
            "@type": "mtTaskParameter",
            "bulkApiDBTarget": false,
            "customFuncCfg": {
                "@type": "customFuncConfig",
                "connections": [],
                "id": -1,
                "inputMap": [],
                "outputFields": []
            },
            "extendedObject": {
                "@type": "extendedObject",
                "advancedFilterExpression": "LASTMODIFIEDON BETWEEN $$ERDTPExtractFromDT AND $$ERDTPExtractToDT",
                "filters": [],
                "object": {
                    "@type": "mObject",
                    "children": [],
                    "label": "AboutTypes",
                    "metadataUpdated": false,
                    "name": "AboutTypes",
                    "relations": []
                },
                "sortFields": []
            },
            "fetchMode": "ORIGINAL",
            "handleSpecialChars": false,
            "id": 4555120,
            "isFileList": false,
            "isRESTModernSource": true,
            "label": "SrcTbl",
            "name": "$SrcTbl$",
            "naturalOrder": true,
            "newFlatFile": false,
            "newObject": false,
            "overriddenFields": [],
            "runtimeAttrs": {},
            "showBusinessNames": true,
            "sourceConnectionId": "0101M00B00000000000J",
            "targetUpdateColumns": [],
            "tgtFieldRefs": {},
            "tgtObjectAttributes": {},
            "truncateTarget": false,
            "type": "EXTENDED_SOURCE",
            "uiProperties": {
                "connectionParameterized": "false",
                "isMsrcFilterParameterized": "true",
                "isMsrcSortParameterized": "false",
                "msrcFilterDefault": "LASTMODIFIEDON BETWEEN $$ExtractFromDT AND $$ExtractToDT",
                "msrcFilterParamDesc": "Filter data at source to extract data based on LastModifiedDate ",
                "objDesc": "ERecruit Source Table Name and Attributes  ",
                "objectParameterized": "true",
                "objlabel": "Select ERecruit Source Table Name"
            }
        },
        {
            "@type": "mtTaskParameter",
            "bulkApiDBTarget": false,
            "customFuncCfg": {
                "@type": "customFuncConfig",
                "connections": [],
                "id": -1,
                "inputMap": [],
                "outputFields": []
            },
            "extendedObject": {
                "@type": "extendedObject",
                "filters": [],
                "sortFields": []
            },
            "fetchMode": "ORIGINAL",
            "handleSpecialChars": false,
            "id": 4555121,
            "isFileList": false,
            "isRESTModernSource": true,
            "label": "StgTbl",
            "name": "$StgTbl$",
            "naturalOrder": true,
            "newFlatFile": false,
            "newObject": false,
            "operationType": "Insert",
            "overriddenFields": [],
            "runtimeAttrs": {},
            "showBusinessNames": true,
            "targetConnectionId": "0101M00B00000000000I",
            "targetObject": "StgErAboutTypes",
            "targetObjectLabel": "StgErAboutTypes",
            "targetUpdateColumns": [],
            "tgtFieldRefs": {},
            "tgtObjectAttributes": {},
            "truncateTarget": false,
            "type": "TARGET",
            "uiProperties": {
                "connectionParameterized": "false",
                "defaultTargetUpdateColumns": "",
                "objDesc": "Stage Table Name and Attributes  ",
                "objectParameterized": "true",
                "objlabel": "Select Stage Table Name"
            }
        }
    ],
    "postProcessingCmd": "python \"$PMRootDir\\Scripts\\Python\\start.py\" etljobend Tsk_Erecruit2StgErAboutTypes",
    "preProcessingCmd": "python \"$PMRootDir\\Scripts\\Python\\start.py\" etljobstart Tsk_Erecruit2StgErAboutTypes",
    "runtimeEnvironmentId": "0101M025000000000002",
    "sequences": [],
    "sessionProperties": {
        "DTM buffer size": "Auto",
        "Default buffer block size": "Auto",
        "Maximum Memory Allowed For Auto Memory Attributes": "4GB",
        "Stop on errors": "1"
    },
    "shortDescription": "Python-generated MCT for moving delta data from Er...",
    "verbose": false
}