{
    "@type": "mtTask",
    "description": "Python-generated MCT for moving delta data from Erecruit to Azure SqlDw Staging using Change Tracking Template.",
    "enableCrossSchemaPushdown": true,
    "inOutParameters": [
        {
            "@type": "mtTaskInOutParameter",
            "aggregationType": "MAX",
            "currentValue": "$$CurrentErDTPExtractCTVersion",
            "datatype": "BIGINT",
            "description": "Last synchronized change tracking version number ",
            "id": "-1",
            "initialValue": "0",
            "name": "CurrentErDTPExtractCTVersion",
            "precision": "19",
            "retentionPolicy": "NEVER",
            "scale": "0"
        },
        {
            "@type": "mtTaskInOutParameter",
            "aggregationType": "MAX",
            "currentValue": "$$CurrentBatchId",
            "datatype": "BIGINT",
            "description": "",
            "id": "-1",
            "initialValue": "$$CurrentBatchId",
            "name": "CurrentBatchId",
            "precision": "19",
            "retentionPolicy": "NEVER",
            "scale": "0"
        },
        {
            "@type": "mtTaskInOutParameter",
            "aggregationType": "MAX",
            "currentValue": "$$SourceSystemERDTP",
            "datatype": "STRING",
            "description": "",
            "id": "-1",
            "initialValue": "$$SourceSystemERDTP",
            "name": "SourceSystemCode",
            "precision": "5",
            "retentionPolicy": "NEVER",
            "scale": "0"
        },
        {
            "@type": "mtTaskInOutParameter",
            "aggregationType": "MAX",
            "currentValue": "AboutTypes",
            "datatype": "STRING",
            "description": "Source Table Object",
            "id": "-1",
            "initialValue": "Addresses",
            "name": "pSourceTable",
            "precision": "45",
            "retentionPolicy": "NEVER",
            "scale": "0"
        },
        {
            "@type": "mtTaskInOutParameter",
            "aggregationType": "MAX",
            "currentValue": "$$NextErDTPExtractCTVersion",
            "datatype": "BIGINT",
            "description": "Next CT Extract VErsion Parameter",
            "id": "-1",
            "initialValue": "9999999",
            "name": "NextErDTPExtractCTVersion",
            "precision": "19",
            "retentionPolicy": "NEVER",
            "scale": "0"
        }
    ],
    "mappingId": "0101M0170000000000S8",
    "maxLogs": 10,
    "name": "Tsk_ErecruitDTPCT2StgErAboutTypes_Template",
    "orgId": "0101M0",
    "parameterFileName": "DailyExtractErDTP2StgCT.param",
    "parameters": [
        {
            "@type": "mtTaskParameter",
            "bulkApiDBTarget": false,
            "customFuncCfg": {
                "@type": "customFuncConfig",
                "connections": [],
                "id": -1,
                "inputMap": [],
                "outputFields": []
            },
            "extendedObject": {
                "@type": "extendedObject",
                "filters": [],
                "object": {
                    "@type": "mObject",
                    "children": [],
                    "label": "AboutTypes",
                    "metadataUpdated": false,
                    "name": "AboutTypes",
                    "relations": []
                },
                "sortFields": []
            },
            "handleSpecialChars": false,
            "id": 6267710,
            "isFileList": false,
            "isRESTModernSource": true,
            "label": "SourceTable",
            "name": "$SourceTable$",
            "naturalOrder": true,
            "newFlatFile": false,
            "newObject": false,
            "overriddenFields": [],
            "runtimeAttrs": {},
            "showBusinessNames": true,
            "sourceConnectionId": "0101M00B00000000000J",
            "targetUpdateColumns": [],
            "tgtFieldRefs": {},
            "tgtObjectAttributes": {},
            "truncateTarget": false,
            "type": "EXTENDED_SOURCE",
            "uiProperties": {
                "connectionParameterized": "false",
                "isMsrcFilterParameterized": "false",
                "isMsrcSortParameterized": "false",
                "objDesc": "Source table Definition",
                "objectParameterized": "true",
                "objlabel": "Source table Name"
            }
        },
        {
            "@type": "mtTaskParameter",
            "bulkApiDBTarget": false,
            "customFuncCfg": {
                "@type": "customFuncConfig",
                "connections": [],
                "id": -1,
                "inputMap": [],
                "outputFields": []
            },
            "customQuery": "SELECT * FROM CHANGETABLE(CHANGES [dbo].$$pSourceTable, $$CurrentErDTPExtractCTVersion) CT",
            "handleSpecialChars": false,
            "id": 6267711,
            "isFileList": false,
            "isRESTModernSource": true,
            "label": "SourceTableCT",
            "name": "$SourceTableCT$",
            "naturalOrder": true,
            "newFlatFile": false,
            "newObject": false,
            "overriddenFields": [],
            "runtimeAttrs": {},
            "showBusinessNames": false,
            "sourceConnectionId": "0101M00B00000000000J",
            "sourceObject": "DUMMY_SourceTableCT",
            "targetUpdateColumns": [],
            "tgtFieldRefs": {},
            "tgtObjectAttributes": {},
            "truncateTarget": false,
            "type": "SOURCE",
            "uiProperties": {
                "connectionParameterized": "false",
                "objectParameterized": "false",
                "visible": "false"
            }
        },
        {
            "@type": "mtTaskParameter",
            "bulkApiDBTarget": false,
            "customFuncCfg": {
                "@type": "customFuncConfig",
                "connections": [],
                "id": -1,
                "inputMap": [],
                "outputFields": []
            },
            "extendedObject": {
                "@type": "extendedObject",
                "filters": [],
                "sortFields": []
            },
            "handleSpecialChars": false,
            "id": 6267712,
            "isFileList": false,
            "isRESTModernSource": true,
            "label": "SqlDwStageTable",
            "name": "$SqlDwStageTable$",
            "naturalOrder": true,
            "newFlatFile": false,
            "newObject": false,
            "operationType": "Insert",
            "overriddenFields": [],
            "runtimeAttrs": {},
            "showBusinessNames": true,
            "targetConnectionId": "0101M00B00000000000I",
            "targetObject": "StgErAboutTypes",
            "targetObjectLabel": "StgErAboutTypes",
            "targetUpdateColumns": [],
            "tgtFieldRefs": {},
            "tgtObjectAttributes": {},
            "truncateTarget": false,
            "type": "TARGET",
            "uiProperties": {
                "connectionParameterized": "false",
                "default": "StgErAddresses",
                "defaultTargetUpdateColumns": "",
                "objDesc": "SqlDw Stage Table Name ",
                "objectParameterized": "true",
                "objlabel": "SqlDw Stage Table Name "
            }
        },
        {
            "@type": "mtTaskParameter",
            "bulkApiDBTarget": false,
            "customFuncCfg": {
                "@type": "customFuncConfig",
                "connections": [],
                "id": -1,
                "inputMap": [],
                "outputFields": []
            },
            "description": "Source Primary Key Column Name",
            "handleSpecialChars": false,
            "id": 6267713,
            "isFileList": false,
            "isRESTModernSource": true,
            "label": "Source Primary Key Column Name (pSrcPrimaryKey)",
            "name": "$pSrcPrimaryKey$",
            "naturalOrder": true,
            "newFlatFile": false,
            "newObject": false,
            "overriddenFields": [],
            "runtimeAttrs": {},
            "showBusinessNames": true,
            "targetUpdateColumns": [],
            "text": "AboutTypeID",
            "tgtFieldRefs": {},
            "tgtObjectAttributes": {},
            "truncateTarget": false,
            "type": "STRING",
            "uiProperties": {}
        }
    ],
    "postProcessingCmd": "python \"$PMRootDir\\Scripts\\Python\\start.py\" etljobend Tsk_ErecruitDTPCT2StgErAboutTypes",
    "preProcessingCmd": "python \"$PMRootDir\\Scripts\\Python\\start.py\" etljobstart Tsk_ErecruitDTPCT2StgErAboutTypes",
    "runtimeEnvironmentId": "0101M025000000000002",
    "sequences": [],
    "sessionProperties": {
        "Allow Pushdown for User Incompatible Connections": "YES",
        "Allow Temporary View for Pushdown": "YES",
        "DTM buffer size": "Auto",
        "Default buffer block size": "Auto",
        "Maximum Memory Allowed For Auto Memory Attributes": "4GB",
        "Pushdown Optimization": "Full",
        "Stop on errors": "1"
    },
    "shortDescription": "Python-generated MCT for moving delta data from Er...",
    "verbose": false
}