{
    "@type": "mtTask",
    "description": "Python-generated MCT for moving data from Erecruit to Azure SqlDw Stage. This is a full table refresh.",
    "enableCrossSchemaPushdown": true,
    "inOutParameters": [],
    "mappingId": "0101M01700000000010T",
    "maxLogs": 10,
    "name": "Tsk_ErecruitDTPFullFresh2StgErAboutTypes",
    "orgId": "0101M0",
    "parameterFileName": "FullRefreshErDTP2StgCT.param",
    "parameters": [
        {
            "@type": "mtTaskParameter",
            "bulkApiDBTarget": false,
            "customFuncCfg": {
                "@type": "customFuncConfig",
                "connections": [],
                "id": -1,
                "inputMap": [],
                "outputFields": []
            },
            "extendedObject": {
                "@type": "extendedObject",
                "filters": [],
                "object": {
                    "@type": "mObject",
                    "children": [],
                    "label": "AboutTypes",
                    "metadataUpdated": false,
                    "name": "AboutTypes",
                    "relations": []
                },
                "sortFields": []
            },
            "handleSpecialChars": false,
            "id": 5871195,
            "isFileList": false,
            "isRESTModernSource": true,
            "label": "SrcTbl",
            "name": "$SrcTbl$",
            "naturalOrder": true,
            "newFlatFile": false,
            "newObject": false,
            "overriddenFields": [],
            "runtimeAttrs": {},
            "showBusinessNames": true,
            "sourceConnectionId": "0101M00B00000000000J",
            "targetUpdateColumns": [],
            "tgtFieldRefs": {},
            "tgtObjectAttributes": {},
            "truncateTarget": false,
            "type": "EXTENDED_SOURCE",
            "uiProperties": {
                "connectionParameterized": "false",
                "isMsrcFilterParameterized": "false",
                "isMsrcSortParameterized": "false",
                "objDesc": "ERecruit Source Table Name and Attributes  ",
                "objectParameterized": "true",
                "objlabel": "Select ERecruit Source Table Name"
            }
        },
        {
            "@type": "mtTaskParameter",
            "bulkApiDBTarget": false,
            "customFuncCfg": {
                "@type": "customFuncConfig",
                "connections": [],
                "id": -1,
                "inputMap": [],
                "outputFields": []
            },
            "extendedObject": {
                "@type": "extendedObject",
                "filters": [],
                "sortFields": []
            },
            "handleSpecialChars": false,
            "id": 5871196,
            "isFileList": false,
            "isRESTModernSource": true,
            "label": "StgTbl",
            "name": "$StgTbl$",
            "naturalOrder": true,
            "newFlatFile": false,
            "newObject": false,
            "operationType": "Insert",
            "overriddenFields": [],
            "runtimeAttrs": {},
            "showBusinessNames": true,
            "targetConnectionId": "0101M00B00000000000I",
            "targetObject": "StgErAboutTypes",
            "targetObjectLabel": "StgErAboutTypes",
            "targetUpdateColumns": [],
            "tgtFieldRefs": {},
            "tgtObjectAttributes": {},
            "truncateTarget": false,
            "type": "TARGET",
            "uiProperties": {
                "connectionParameterized": "false",
                "defaultTargetUpdateColumns": "",
                "objDesc": "Stage Table Name and Attributes  ",
                "objectParameterized": "true",
                "objlabel": "Select Stage Table Name"
            }
        },
        {
            "@type": "mtTaskParameter",
            "bulkApiDBTarget": false,
            "customFuncCfg": {
                "@type": "customFuncConfig",
                "connections": [],
                "id": -1,
                "inputMap": [],
                "outputFields": []
            },
            "description": "Source Primary Key ",
            "handleSpecialChars": false,
            "id": 5871197,
            "isFileList": false,
            "isRESTModernSource": true,
            "label": "Source Primary Key  (pSourcePrimaryKey)",
            "name": "$pSourcePrimaryKey$",
            "naturalOrder": true,
            "newFlatFile": false,
            "newObject": false,
            "overriddenFields": [],
            "runtimeAttrs": {},
            "showBusinessNames": true,
            "targetUpdateColumns": [],
            "text": "AboutTypeID",
            "tgtFieldRefs": {},
            "tgtObjectAttributes": {},
            "truncateTarget": false,
            "type": "STRING",
            "uiProperties": {}
        }
    ],
    "runtimeEnvironmentId": "0101M025000000000002",
    "sequences": [],
    "sessionProperties": {
        "DTM buffer size": "Auto",
        "Default buffer block size": "Auto",
        "Maximum Memory Allowed For Auto Memory Attributes": "4GB",
        "Stop on errors": "1"
    },
    "shortDescription": "Python-generated MCT for moving data from Erecruit...",
    "verbose": false
}