{
    "@type": "mtTask",
    "description": "Python-generated MCT for moving data from Azure SQL DW Staging to Azure SqlDw Ods - This MCT uses SCD2 logic.",
    "enableCrossSchemaPushdown": false,
    "inOutParameters": [],
    "mappingId": "0101M01700000000009O",
    "maxLogs": 10,
    "name": "Tsk_Stg2OdsErAboutTypes",
    "orgId": "0101M0",
    "parameters": [
        {
            "@type": "mtTaskParameter",
            "bulkApiDBTarget": false,
            "customFuncCfg": {
                "@type": "customFuncConfig",
                "connections": [],
                "id": -1,
                "inputMap": [],
                "outputFields": []
            },
            "extendedObject": {
                "@type": "extendedObject",
                "advancedFilterExpression": "DWIsActive='Y'",
                "filters": [],
                "object": {
                    "@type": "mObject",
                    "children": [],
                    "label": "OdsErAboutTypes",
                    "metadataUpdated": false,
                    "name": "OdsErAboutTypes",
                    "relations": []
                },
                "sortFields": []
            },
            "fetchMode": "ORIGINAL",
            "handleSpecialChars": false,
            "id": 4555382,
            "isFileList": false,
            "isRESTModernSource": true,
            "label": "OdsTbl",
            "name": "$OdsTbl$",
            "naturalOrder": true,
            "newFlatFile": false,
            "newObject": false,
            "overriddenFields": [],
            "runtimeAttrs": {},
            "showBusinessNames": true,
            "sourceConnectionId": "0101M00B00000000000B",
            "targetUpdateColumns": [],
            "tgtFieldRefs": {},
            "tgtObjectAttributes": {},
            "truncateTarget": false,
            "type": "EXTENDED_SOURCE",
            "uiProperties": {
                "connectionParameterized": "false",
                "isMsrcFilterParameterized": "true",
                "isMsrcSortParameterized": "false",
                "msrcFilterDefault": "DWIsActive='Y'",
                "msrcFilterParamDesc": "OdsTbl IsActive Filter Field Name",
                "objDesc": "Select Ods Table Name",
                "objectParameterized": "true",
                "objlabel": "Select Ods Table Name"
            }
        },
        {
            "@type": "mtTaskParameter",
            "bulkApiDBTarget": false,
            "customFuncCfg": {
                "@type": "customFuncConfig",
                "connections": [],
                "id": -1,
                "inputMap": [],
                "outputFields": []
            },
            "extendedObject": {
                "@type": "extendedObject",
                "filters": [
                    {
                        "@type": "filter",
                        "field": "JobParameterName",
                        "objectName": "DwOpsJobParameter",
                        "operator": "equals",
                        "type": "STRING",
                        "value": "CurrentBatchId"
                    }
                ],
                "object": {
                    "@type": "mObject",
                    "children": [],
                    "label": "DwOpsJobParameter",
                    "metadataUpdated": false,
                    "name": "DwOpsJobParameter",
                    "relations": []
                },
                "sortFields": []
            },
            "fetchMode": "ORIGINAL",
            "handleSpecialChars": false,
            "id": 4555383,
            "isFileList": false,
            "isRESTModernSource": true,
            "label": "SrcTblParameter",
            "name": "$SrcTblParameter$",
            "naturalOrder": true,
            "newFlatFile": false,
            "newObject": false,
            "overriddenFields": [],
            "runtimeAttrs": {},
            "showBusinessNames": false,
            "sourceConnectionId": "0101M00B00000000000B",
            "targetUpdateColumns": [],
            "tgtFieldRefs": {},
            "tgtObjectAttributes": {},
            "truncateTarget": false,
            "type": "EXTENDED_SOURCE",
            "uiProperties": {
                "connectionParameterized": "false",
                "isMsrcFilterParameterized": "false",
                "isMsrcSortParameterized": "false",
                "objectParameterized": "false",
                "visible": "false"
            }
        },
        {
            "@type": "mtTaskParameter",
            "bulkApiDBTarget": false,
            "customFuncCfg": {
                "@type": "customFuncConfig",
                "connections": [],
                "id": -1,
                "inputMap": [],
                "outputFields": []
            },
            "extendedObject": {
                "@type": "extendedObject",
                "filters": [],
                "object": {
                    "@type": "mObject",
                    "children": [],
                    "label": "StgErAboutTypes",
                    "metadataUpdated": false,
                    "name": "StgErAboutTypes",
                    "relations": []
                },
                "sortFields": []
            },
            "fetchMode": "ORIGINAL",
            "handleSpecialChars": false,
            "id": 4555384,
            "isFileList": false,
            "isRESTModernSource": true,
            "label": "StgTbl",
            "name": "$StgTbl$",
            "naturalOrder": true,
            "newFlatFile": false,
            "newObject": false,
            "overriddenFields": [],
            "runtimeAttrs": {},
            "showBusinessNames": true,
            "sourceConnectionId": "0101M00B00000000000B",
            "targetUpdateColumns": [],
            "tgtFieldRefs": {},
            "tgtObjectAttributes": {},
            "truncateTarget": false,
            "type": "EXTENDED_SOURCE",
            "uiProperties": {
                "connectionParameterized": "false",
                "isMsrcFilterParameterized": "false",
                "isMsrcSortParameterized": "false",
                "objDesc": "Select Stage Table Name",
                "objectParameterized": "true",
                "objlabel": "Select Stage Table Name"
            }
        },
        {
            "@type": "mtTaskParameter",
            "bulkApiDBTarget": false,
            "customFuncCfg": {
                "@type": "customFuncConfig",
                "connections": [],
                "id": -1,
                "inputMap": [],
                "outputFields": []
            },
            "extendedObject": {
                "@type": "extendedObject",
                "filters": [],
                "sortFields": []
            },
            "fetchMode": "ORIGINAL",
            "handleSpecialChars": false,
            "id": 4555385,
            "isFileList": false,
            "isRESTModernSource": true,
            "label": "OdsTblInserts",
            "name": "$OdsTblInserts$",
            "naturalOrder": true,
            "newFlatFile": false,
            "newObject": false,
            "operationType": "Insert",
            "overriddenFields": [],
            "runtimeAttrs": {},
            "showBusinessNames": true,
            "targetConnectionId": "0101M00B00000000000B",
            "targetObject": "OdsErAboutTypes",
            "targetObjectLabel": "OdsErAboutTypes",
            "targetUpdateColumns": [],
            "tgtFieldRefs": {},
            "tgtObjectAttributes": {},
            "truncateTarget": false,
            "type": "TARGET",
            "uiProperties": {
                "connectionParameterized": "false",
                "defaultTargetUpdateColumns": "",
                "objDesc": "Select Ods Table Name",
                "objectParameterized": "true",
                "objlabel": "Select Ods Table Name"
            }
        },
        {
            "@type": "mtTaskParameter",
            "bulkApiDBTarget": false,
            "customFuncCfg": {
                "@type": "customFuncConfig",
                "connections": [],
                "id": -1,
                "inputMap": [],
                "outputFields": []
            },
            "extendedObject": {
                "@type": "extendedObject",
                "filters": [],
                "sortFields": []
            },
            "fetchMode": "ORIGINAL",
            "handleSpecialChars": false,
            "id": 4555386,
            "isFileList": false,
            "isRESTModernSource": true,
            "label": "OdstblUpdates",
            "name": "$OdstblUpdates$",
            "naturalOrder": true,
            "newFlatFile": false,
            "newObject": false,
            "operationType": "Update",
            "overriddenFields": [],
            "runtimeAttrs": {},
            "showBusinessNames": true,
            "targetConnectionId": "0101M00B00000000000B",
            "targetObject": "OdsErAboutTypes",
            "targetObjectLabel": "OdsErAboutTypes",
            "targetUpdateColumns": [
                "DwRowId"
            ],
            "tgtFieldRefs": {},
            "tgtObjectAttributes": {},
            "truncateTarget": false,
            "type": "TARGET",
            "uiProperties": {
                "connectionParameterized": "false",
                "defaultTargetUpdateColumns": "",
                "objDesc": "Select Ods Table Name",
                "objectParameterized": "true",
                "objlabel": "Select Ods Table Name"
            }
        },
        {
            "@type": "mtTaskParameter",
            "bulkApiDBTarget": false,
            "customFuncCfg": {
                "@type": "customFuncConfig",
                "connections": [],
                "id": -1,
                "inputMap": [],
                "outputFields": []
            },
            "description": "Ods Natural Key Column List ",
            "fetchMode": "ORIGINAL",
            "handleSpecialChars": false,
            "id": 4555387,
            "isFileList": false,
            "isRESTModernSource": true,
            "label": "Ods Natural Key Column List  (pOdsNaturalKey)",
            "name": "$pOdsNaturalKey$",
            "naturalOrder": true,
            "newFlatFile": false,
            "newObject": false,
            "overriddenFields": [],
            "runtimeAttrs": {},
            "showBusinessNames": true,
            "targetUpdateColumns": [],
            "text": "AboutTypeID",
            "tgtFieldRefs": {},
            "tgtObjectAttributes": {},
            "truncateTarget": false,
            "type": "STRING",
            "uiProperties": {}
        },
        {
            "@type": "mtTaskParameter",
            "bulkApiDBTarget": false,
            "customFuncCfg": {
                "@type": "customFuncConfig",
                "connections": [],
                "id": -1,
                "inputMap": [],
                "outputFields": []
            },
            "description": "Ods Surrogate Key Column List ",
            "fetchMode": "ORIGINAL",
            "handleSpecialChars": false,
            "id": 4555388,
            "isFileList": false,
            "isRESTModernSource": true,
            "label": "Ods Surrogate Key Column List  (pOdsSurrogateKey)",
            "name": "$pOdsSurrogateKey$",
            "naturalOrder": true,
            "newFlatFile": false,
            "newObject": false,
            "overriddenFields": [],
            "runtimeAttrs": {},
            "showBusinessNames": true,
            "targetUpdateColumns": [],
            "text": "DWRowID",
            "tgtFieldRefs": {},
            "tgtObjectAttributes": {},
            "truncateTarget": false,
            "type": "STRING",
            "uiProperties": {
                "default": "DWRowID"
            }
        },
        {
            "@type": "mtTaskParameter",
            "bulkApiDBTarget": false,
            "customFuncCfg": {
                "@type": "customFuncConfig",
                "connections": [],
                "id": -1,
                "inputMap": [],
                "outputFields": []
            },
            "description": "Stage Natural Key Column List ",
            "fetchMode": "ORIGINAL",
            "handleSpecialChars": false,
            "id": 4555389,
            "isFileList": false,
            "isRESTModernSource": true,
            "label": "Stage Natural Key Column List  (pStgNaturalKey)",
            "name": "$pStgNaturalKey$",
            "naturalOrder": true,
            "newFlatFile": false,
            "newObject": false,
            "overriddenFields": [],
            "runtimeAttrs": {},
            "showBusinessNames": true,
            "targetUpdateColumns": [],
            "text": "AboutTypeID",
            "tgtFieldRefs": {},
            "tgtObjectAttributes": {},
            "truncateTarget": false,
            "type": "STRING",
            "uiProperties": {}
        }
    ],
    "postProcessingCmd": "python \"$PMRootDir\\Scripts\\Python\\start.py\" etljobend Tsk_Stg2OdsErAboutTypes",
    "preProcessingCmd": "python \"$PMRootDir\\Scripts\\Python\\start.py\" etljobstart Tsk_Stg2OdsErAboutTypes",
    "runtimeEnvironmentId": "0101M025000000000002",
    "sequences": [],
    "sessionProperties": {
        "Allow Pushdown for User Incompatible Connections": "YES",
        "Allow Temporary Sequence for Pushdown": "YES",
        "Allow Temporary View for Pushdown": "YES",
        "DTM buffer size": "Auto",
        "Default buffer block size": "Auto",
        "Maximum Memory Allowed For Auto Memory Attributes": "4GB",
        "Pushdown Optimization": "Full",
        "Stop on errors": "1"
    },
    "shortDescription": "Python-generated MCT for moving data from Azure SQ...",
    "verbose": false
}