{
    "@type": "mtTask",
    "description": "Python-generated MCT from Legacy Teradata to Azure SqlDw Source Table :ACCT_SIZE, Target Table :LgcyTdAcct_Size",
    "enableCrossSchemaPushdown": true,
    "inOutParameters": [],
    "mappingId": "0101M017000000000079",
    "maxLogs": 10,
    "name": "Tsk_LgcyTeradata2SqlDwLgcyTdAcct_Size",
    "orgId": "0101M0",
    "parameters": [
        {
            "@type": "mtTaskParameter",
            "bulkApiDBTarget": false,
            "customFuncCfg": {
                "@type": "customFuncConfig",
                "connections": [],
                "id": -1,
                "inputMap": [],
                "outputFields": []
            },
            "description": "Source Database Connection ",
            "extendedObject": {
                "@type": "extendedObject",
                "filters": [],
                "object": {
                    "@type": "mObject",
                    "children": [],
                    "label": "ACCT_SIZE",
                    "metadataUpdated": false,
                    "name": "ACCT_SIZE",
                    "relations": []
                },
                "sortFields": []
            },
            "fetchMode": "ORIGINAL",
            "handleSpecialChars": false,
            "id": 2759560,
            "isFileList": false,
            "isRESTModernSource": true,
            "label": "Source Database Connection  (pDbConnectionSource)",
            "name": "$SrcTbl$",
            "naturalOrder": true,
            "newFlatFile": false,
            "newObject": false,
            "overriddenFields": [],
            "runtimeAttrs": {},
            "showBusinessNames": true,
            "sourceConnectionId": "0101M00B00000000002E",
            "targetUpdateColumns": [],
            "tgtFieldRefs": {},
            "tgtObjectAttributes": {},
            "truncateTarget": false,
            "type": "EXTENDED_SOURCE",
            "uiProperties": {
                "connectionParameterized": "true",
                "isMsrcFilterParameterized": "false",
                "isMsrcSortParameterized": "false",
                "logcnx": "pDbConnectionSource",
                "objDesc": "Source table Name",
                "objectParameterized": "true",
                "objlabel": "Source table Name"
            }
        },
        {
            "@type": "mtTaskParameter",
            "bulkApiDBTarget": false,
            "customFuncCfg": {
                "@type": "customFuncConfig",
                "connections": [],
                "id": -1,
                "inputMap": [],
                "outputFields": []
            },
            "extendedObject": {
                "@type": "extendedObject",
                "filters": [],
                "sortFields": []
            },
            "fetchMode": "ORIGINAL",
            "handleSpecialChars": false,
            "id": 2759561,
            "isFileList": false,
            "isRESTModernSource": true,
            "label": "TgtTbl",
            "name": "$TgtTbl$",
            "naturalOrder": true,
            "newFlatFile": false,
            "newObject": false,
            "operationType": "Insert",
            "overriddenFields": [],
            "runtimeAttrs": {},
            "showBusinessNames": true,
            "targetConnectionId": "0101M00B00000000001Q",
            "targetObject": "LgcyTdAcct_Size",
            "targetObjectLabel": "LgcyTdAcct_Size",
            "targetUpdateColumns": [],
            "tgtFieldRefs": {},
            "tgtObjectAttributes": {},
            "truncateTarget": false,
            "type": "TARGET",
            "uiProperties": {
                "connectionParameterized": "false",
                "defaultTargetUpdateColumns": "",
                "objDesc": "Target Table  Name",
                "objectParameterized": "true",
                "objlabel": "Target Table Name"
            }
        }
    ],
    "postProcessingCmd": "python \"$PMRootDir\\Scripts\\Python\\start.py\" etljobend Tsk_LgcyTeradata2SqlDwLgcyTdAcct_Size",
    "preProcessingCmd": "python \"$PMRootDir\\Scripts\\Python\\start.py\" etljobstart Tsk_LgcyTeradata2SqlDwLgcyTdAcct_Size",
    "runtimeEnvironmentId": "0101M025000000000002",
    "sequences": [],
    "sessionProperties": {
        "DTM buffer size": "Auto",
        "Default buffer block size": "Auto",
        "Maximum Memory Allowed For Auto Memory Attributes": "4GB",
        "Stop on errors": "1"
    },
    "shortDescription": "Python-generated MCT from Legacy Teradata to Azure...",
    "verbose": false
}