{
    "@type": "mtTask",
    "description": "",
    "enableCrossSchemaPushdown": true,
    "inOutParameters": [
        {
            "@type": "mtTaskInOutParameter",
            "aggregationType": "MAX",
            "currentValue": "PS_AGING_CATEG_TBL_GL",
            "datatype": "STRING",
            "description": "Target Table Name ",
            "id": "-1",
            "initialValue": "",
            "name": "pTargetTableName",
            "precision": "30",
            "retentionPolicy": "NEVER",
            "scale": "0"
        }
    ],
    "mappingId": "0101M01700000000014G",
    "maxLogs": 10,
    "name": "Tsk_PeopleSoftFn2TeradataFullRefreshPS_AGING_CATEG_TBL_GL_Template",
    "orgId": "0101M0",
    "parameters": [
        {
            "@type": "mtTaskParameter",
            "bulkApiDBTarget": false,
            "customFuncCfg": {
                "@type": "customFuncConfig",
                "connections": [],
                "id": -1,
                "inputMap": [],
                "outputFields": []
            },
            "customQuery": "SELECT CURRENT_TIMESTAMP(6) AS  CURRENTTIME",
            "handleSpecialChars": false,
            "id": 6890146,
            "isFileList": false,
            "isRESTModernSource": true,
            "label": "SelQuery",
            "name": "$SelQuery$",
            "naturalOrder": true,
            "newFlatFile": false,
            "newObject": false,
            "overriddenFields": [],
            "runtimeAttrs": {},
            "showBusinessNames": false,
            "sourceConnectionId": "0101M00B00000000003U",
            "sourceObject": "DUMMY_SelQuery",
            "targetUpdateColumns": [],
            "tgtFieldRefs": {},
            "tgtObjectAttributes": {},
            "truncateTarget": false,
            "type": "SOURCE",
            "uiProperties": {
                "connectionParameterized": "false",
                "objectParameterized": "false",
                "visible": "false"
            }
        },
        {
            "@type": "mtTaskParameter",
            "bulkApiDBTarget": false,
            "customFuncCfg": {
                "@type": "customFuncConfig",
                "connections": [],
                "id": -1,
                "inputMap": [],
                "outputFields": []
            },
            "description": "Source Connection ",
            "extendedObject": {
                "@type": "extendedObject",
                "filters": [],
                "object": {
                    "@type": "mObject",
                    "children": [],
                    "label": "PS_AGING_CATEG_TBL",
                    "metadataUpdated": false,
                    "name": "PS_AGING_CATEG_TBL",
                    "relations": []
                },
                "sortFields": []
            },
            "handleSpecialChars": false,
            "id": 6890147,
            "isFileList": false,
            "isRESTModernSource": true,
            "label": "Source Connection  (pSourceConnection)",
            "name": "$SourceTable$",
            "naturalOrder": true,
            "newFlatFile": false,
            "newObject": false,
            "overriddenFields": [],
            "runtimeAttrs": {},
            "showBusinessNames": true,
            "sourceConnectionId": "0101M00B00000000000X",
            "targetUpdateColumns": [],
            "tgtFieldRefs": {},
            "tgtObjectAttributes": {},
            "truncateTarget": false,
            "type": "EXTENDED_SOURCE",
            "uiProperties": {
                "connectionParameterized": "true",
                "isMsrcFilterParameterized": "false",
                "isMsrcSortParameterized": "false",
                "logcnx": "pSourceConnection",
                "objDesc": "Source Table Name",
                "objectParameterized": "true",
                "objlabel": "Source Table Name"
            }
        },
        {
            "@type": "mtTaskParameter",
            "bulkApiDBTarget": false,
            "customFuncCfg": {
                "@type": "customFuncConfig",
                "connections": [],
                "id": -1,
                "inputMap": [],
                "outputFields": []
            },
            "extendedObject": {
                "@type": "extendedObject",
                "filters": [],
                "sortFields": []
            },
            "handleSpecialChars": false,
            "id": 6890148,
            "isFileList": false,
            "isRESTModernSource": true,
            "label": "TargetTable",
            "name": "$TargetTable$",
            "naturalOrder": true,
            "newFlatFile": false,
            "newObject": false,
            "operationType": "Insert",
            "overriddenFields": [],
            "runtimeAttrs": {
                "Writer Buffer Size": "0"
            },
            "showBusinessNames": true,
            "targetConnectionId": "0101M00B00000000002X",
            "targetObject": "PS_AGING_CATEG_TBL_GL",
            "targetObjectLabel": "PS_AGING_CATEG_TBL_GL",
            "targetUpdateColumns": [],
            "tgtFieldRefs": {},
            "tgtObjectAttributes": {},
            "truncateTarget": false,
            "type": "TARGET",
            "uiProperties": {
                "connectionParameterized": "false",
                "defaultTargetUpdateColumns": "",
                "objDesc": "Target Table Name",
                "objectParameterized": "true",
                "objlabel": "Target Table Name"
            }
        },
        {
            "@type": "mtTaskParameter",
            "bulkApiDBTarget": false,
            "customFuncCfg": {
                "@type": "customFuncConfig",
                "connections": [],
                "id": -1,
                "inputMap": [],
                "outputFields": []
            },
            "extendedObject": {
                "@type": "extendedObject",
                "filters": [],
                "sortFields": []
            },
            "handleSpecialChars": false,
            "id": 6890149,
            "isFileList": false,
            "isRESTModernSource": true,
            "label": "TruncateLogTable",
            "name": "$TruncateLogTable$",
            "naturalOrder": true,
            "newFlatFile": false,
            "newObject": false,
            "operationType": "Insert",
            "overriddenFields": [],
            "runtimeAttrs": {},
            "showBusinessNames": false,
            "targetConnectionId": "0101M00B00000000000B",
            "targetObject": "DwOpsTeradataCdcTruncateLog",
            "targetObjectLabel": "DwOpsTeradataCdcTruncateLog",
            "targetUpdateColumns": [],
            "tgtFieldRefs": {},
            "tgtObjectAttributes": {},
            "truncateTarget": false,
            "type": "TARGET",
            "uiProperties": {
                "connectionParameterized": "false",
                "defaultTargetUpdateColumns": "",
                "objectParameterized": "false",
                "visible": "false"
            }
        }
    ],
    "runtimeEnvironmentId": "0101M025000000000002",
    "sequences": [],
    "sessionProperties": {},
    "shortDescription": "",
    "verbose": false
}