{
    "@type": "mtTask",
    "connRuntimeAttrs": [],
    "description": "Python-generated MCT for moving data from Oracle Staging to Azure SqlDw Source Table :StgFnPs_Aging_Categ_Tbl, Target Table :CdcFnPs_Aging_Categ_Tbl",
    "enableCrossSchemaPushdown": true,
    "errorTaskEmail": {
        "@type": "taskEmail",
        "emailType": "ERROR",
        "emails": "AIMDataPlatformOps@kellyservices.com",
        "id": 67525
    },
    "inOutParameters": [],
    "mappingId": "0101M0170000000000C8",
    "maxLogs": 10,
    "name": "Tsk_OracleStage2SqlDwCdcFnPs_Aging_Categ_Tbl_Template",
    "orgId": "0101M0",
    "parameterFileName": "DailyExtractOracleStgFn.param",
    "parameters": [
        {
            "@type": "mtTaskParameter",
            "bulkApiDBTarget": false,
            "customFuncCfg": {
                "@type": "customFuncConfig",
                "connections": [],
                "id": -1,
                "inputMap": [],
                "outputFields": []
            },
            "extendedObject": {
                "@type": "extendedObject",
                "filters": [],
                "object": {
                    "@type": "mObject",
                    "children": [],
                    "label": "STGFNPS_AGING_CATEG_TBL",
                    "metadataUpdated": false,
                    "name": "STGFNPS_AGING_CATEG_TBL",
                    "relations": []
                },
                "sortFields": []
            },
            "handleSpecialChars": false,
            "id": 8681919,
            "isFileList": false,
            "isRESTModernSource": true,
            "label": "SrcStageTbl",
            "name": "$SrcStageTbl$",
            "naturalOrder": true,
            "newFlatFile": false,
            "newObject": false,
            "overriddenFields": [],
            "runtimeAttrs": {},
            "showBusinessNames": true,
            "sourceConnectionId": "0101M00B000000000012",
            "targetUpdateColumns": [],
            "tgtFieldRefs": {},
            "tgtObjectAttributes": {},
            "truncateTarget": false,
            "type": "EXTENDED_SOURCE",
            "uiProperties": {
                "connectionParameterized": "false",
                "isMsrcFilterParameterized": "false",
                "isMsrcSortParameterized": "false",
                "objDesc": "Source Stage table ",
                "objectParameterized": "true",
                "objlabel": "Source Stage table "
            }
        },
        {
            "@type": "mtTaskParameter",
            "bulkApiDBTarget": false,
            "customFuncCfg": {
                "@type": "customFuncConfig",
                "connections": [],
                "id": -1,
                "inputMap": [],
                "outputFields": []
            },
            "description": "Target table Database connection ",
            "extendedObject": {
                "@type": "extendedObject",
                "filters": [],
                "sortFields": []
            },
            "handleSpecialChars": false,
            "id": 8681920,
            "isFileList": false,
            "isRESTModernSource": true,
            "label": "Target table Database connection  (pDbConnectionTarget)",
            "name": "$TgtSqlDwTbl$",
            "naturalOrder": true,
            "newFlatFile": false,
            "newObject": false,
            "operationType": "Upsert",
            "overriddenFields": [],
            "runtimeAttrs": {
                "Azure Blob Container Name": "inbound",
                "Batch Size": "2000000",
                "Compression Format": "None",
                "Field Delimiter": "0x1e",
                "Number of concurrent connections to Blob Store": "4",
                "On Pre-Post SQL Error": "Continue",
                "Post SQL": "",
                "Pre SQL": "",
                "Quote Character": "0x1f",
                "Reject Threshold": "",
                "Schema Name Override": "",
                "Table Name Override": "",
                "Treat Source Rows As": "UPSERT",
                "Truncate Table": "NO"
            },
            "showBusinessNames": true,
            "targetConnectionId": "0101M00B000000000015",
            "targetObject": "CdcFnPs_Aging_Categ_Tbl",
            "targetObjectLabel": "CdcFnPs_Aging_Categ_Tbl",
            "targetUpdateColumns": [
                "SETID",
                "AGING_ID",
                "EFFDT",
                "AGING_CATEGORY"
            ],
            "tgtFieldRefs": {},
            "tgtObjectAttributes": {},
            "truncateTarget": false,
            "type": "TARGET",
            "uiProperties": {
                "connectionParameterized": "true",
                "defaultTargetUpdateColumns": "",
                "logcnx": "pDbConnectionTarget",
                "objDesc": "Target SqlDw table ",
                "objectParameterized": "true",
                "objlabel": "Target SqlDw table "
            }
        },
        {
            "@type": "mtTaskParameter",
            "bulkApiDBTarget": false,
            "customFuncCfg": {
                "@type": "customFuncConfig",
                "connections": [],
                "id": -1,
                "inputMap": [],
                "outputFields": []
            },
            "description": "Input DwSource System Code or Use Default",
            "handleSpecialChars": false,
            "id": 8681921,
            "isFileList": false,
            "isRESTModernSource": true,
            "label": "Dw Source System Code  (pDwSourceSystemCode)",
            "name": "$pDwSourceSystemCode$",
            "naturalOrder": true,
            "newFlatFile": false,
            "newObject": false,
            "overriddenFields": [],
            "runtimeAttrs": {},
            "showBusinessNames": true,
            "targetUpdateColumns": [],
            "text": "$$SourceSystemCode",
            "tgtFieldRefs": {},
            "tgtObjectAttributes": {},
            "truncateTarget": false,
            "type": "STRING",
            "uiProperties": {
                "default": "$$SourceSystemCode"
            }
        },
        {
            "@type": "mtTaskParameter",
            "bulkApiDBTarget": false,
            "customFuncCfg": {
                "@type": "customFuncConfig",
                "connections": [],
                "id": -1,
                "inputMap": [],
                "outputFields": []
            },
            "description": "List of PKey columns for aggregation ",
            "handleSpecialChars": false,
            "id": 8681922,
            "isFileList": false,
            "isRESTModernSource": true,
            "label": "List of PKey columns  (pPKeyAggratorColumns)",
            "name": "$pPKeyAggratorColumns$",
            "naturalOrder": true,
            "newFlatFile": false,
            "newObject": false,
            "overriddenFields": [],
            "runtimeAttrs": {},
            "showBusinessNames": true,
            "targetUpdateColumns": [],
            "text": "SETID;AGING_ID;EFFDT;AGING_CATEGORY",
            "tgtFieldRefs": {},
            "tgtObjectAttributes": {},
            "truncateTarget": false,
            "type": "STRING",
            "uiProperties": {
                "paramtype": "GroupBy"
            }
        },
        {
            "@type": "mtTaskParameter",
            "bulkApiDBTarget": false,
            "customFuncCfg": {
                "@type": "customFuncConfig",
                "connections": [],
                "id": -1,
                "inputMap": [],
                "outputFields": []
            },
            "description": "Purge Indicator Param \\nDefault points to parameter file variable ",
            "handleSpecialChars": false,
            "id": 8681923,
            "isFileList": false,
            "isRESTModernSource": true,
            "label": "Purge Indicator Param  (pPurgeIndicator)",
            "name": "$pPurgeIndicator$",
            "naturalOrder": true,
            "newFlatFile": false,
            "newObject": false,
            "overriddenFields": [],
            "runtimeAttrs": {},
            "showBusinessNames": true,
            "targetUpdateColumns": [],
            "text": "$$PurgeIndicator",
            "tgtFieldRefs": {},
            "tgtObjectAttributes": {},
            "truncateTarget": false,
            "type": "STRING",
            "uiProperties": {
                "default": "$$PurgeIndicator"
            }
        },
        {
            "@type": "mtTaskParameter",
            "bulkApiDBTarget": false,
            "customFuncCfg": {
                "@type": "customFuncConfig",
                "connections": [],
                "id": -1,
                "inputMap": [],
                "outputFields": []
            },
            "description": "Source change indicator ",
            "handleSpecialChars": false,
            "id": 8681924,
            "isFileList": false,
            "isRESTModernSource": true,
            "label": "Source change indicator  (pSourceChangeIndicator)",
            "name": "$pSourceChangeIndicator$",
            "naturalOrder": true,
            "newFlatFile": false,
            "newObject": false,
            "overriddenFields": [],
            "runtimeAttrs": {},
            "showBusinessNames": true,
            "targetUpdateColumns": [],
            "text": "DTL__CAPXACTION",
            "tgtFieldRefs": {},
            "tgtObjectAttributes": {},
            "truncateTarget": false,
            "type": "STRING",
            "uiProperties": {
                "default": "DTL__CAPXACTION"
            }
        },
        {
            "@type": "mtTaskParameter",
            "bulkApiDBTarget": false,
            "customFuncCfg": {
                "@type": "customFuncConfig",
                "connections": [],
                "id": -1,
                "inputMap": [],
                "outputFields": []
            },
            "description": "Stage Sort List Columns",
            "handleSpecialChars": false,
            "id": 8681925,
            "isFileList": false,
            "isRESTModernSource": true,
            "label": "Stage Sort List Columns (pStageSortColumns)",
            "name": "$pStageSortColumns$",
            "naturalOrder": true,
            "newFlatFile": false,
            "newObject": false,
            "overriddenFields": [],
            "runtimeAttrs": {},
            "showBusinessNames": true,
            "targetUpdateColumns": [],
            "text": "SETID=ASC;AGING_ID=ASC;EFFDT=ASC;AGING_CATEGORY=ASC;CDCROWID=ASC;DTL__CAPXTIMESTAMP=ASC;",
            "tgtFieldRefs": {},
            "tgtObjectAttributes": {},
            "truncateTarget": false,
            "type": "STRING",
            "uiProperties": {
                "paramtype": "SortList"
            }
        }
    ],
    "postProcessingCmd": "python \"$PMRootDir\\Scripts\\Python\\start.py\" etljobend Tsk_OracleStage2SqlDwCdcFnPs_Aging_Categ_Tbl",
    "preProcessingCmd": "python \"$PMRootDir\\Scripts\\Python\\start.py\" etljobstart Tsk_OracleStage2SqlDwCdcFnPs_Aging_Categ_Tbl",
    "runtimeEnvironmentId": "0101M025000000000002",
    "sequences": [],
    "sessionProperties": {
        "Allow Pushdown for User Incompatible Connections": "YES",
        "Allow Temporary Sequence for Pushdown": "YES",
        "Allow Temporary View for Pushdown": "YES",
        "Pushdown Optimization": "To Source",
        "Stop on errors": "1"
    },
    "shortDescription": "Python-generated MCT for moving data from Oracle S...",
    "verbose": false,
    "warningTaskEmail": {
        "@type": "taskEmail",
        "emailType": "WARNING",
        "emails": "AIMDataPlatformOps@kellyservices.com",
        "id": 67526
    }
}