{
    "@type": "mtTask",
    "connRuntimeAttrs": [],
    "description": "Python-generated MCT for moving data from Cdc Oracle Staging to Azure Teradata Dw.",
    "enableCrossSchemaPushdown": true,
    "errorTaskEmail": {
        "@type": "taskEmail",
        "emailType": "ERROR",
        "emails": "AIMDataPlatformOps@kellyservices.com",
        "id": 81859
    },
    "inOutParameters": [],
    "mappingId": "0101M017000000000122",
    "maxLogs": 10,
    "name": "Tsk_CdcOracleStage2TeradataPS_AGING_CATEG_TBL_GL_Template",
    "orgId": "0101M0",
    "parameterFileName": "DailyExtractOracleStgFn.param",
    "parameters": [
        {
            "@type": "mtTaskParameter",
            "bulkApiDBTarget": false,
            "customFuncCfg": {
                "@type": "customFuncConfig",
                "connections": [],
                "id": -1,
                "inputMap": [],
                "outputFields": []
            },
            "extendedObject": {
                "@type": "extendedObject",
                "filters": [],
                "object": {
                    "@type": "mObject",
                    "children": [],
                    "label": "STGFNPS_AGING_CATEG_TBL",
                    "metadataUpdated": false,
                    "name": "STGFNPS_AGING_CATEG_TBL",
                    "relations": []
                },
                "sortFields": []
            },
            "handleSpecialChars": false,
            "id": 10198701,
            "isFileList": false,
            "isRESTModernSource": true,
            "label": "SrcStageTblUpserts",
            "name": "$SrcStageTblUpserts$",
            "naturalOrder": true,
            "newFlatFile": false,
            "newObject": false,
            "overriddenFields": [],
            "runtimeAttrs": {},
            "showBusinessNames": true,
            "sourceConnectionId": "0101M00B000000000012",
            "targetUpdateColumns": [],
            "tgtFieldRefs": {},
            "tgtObjectAttributes": {},
            "truncateTarget": false,
            "type": "EXTENDED_SOURCE",
            "uiProperties": {
                "connectionParameterized": "false",
                "isMsrcFilterParameterized": "false",
                "isMsrcSortParameterized": "false",
                "objDesc": "Source Stage table ",
                "objectParameterized": "true",
                "objlabel": "Source Stage table "
            }
        },
        {
            "@type": "mtTaskParameter",
            "bulkApiDBTarget": false,
            "customFuncCfg": {
                "@type": "customFuncConfig",
                "connections": [],
                "id": -1,
                "inputMap": [],
                "outputFields": []
            },
            "extendedObject": {
                "@type": "extendedObject",
                "filters": [],
                "object": {
                    "@type": "mObject",
                    "children": [],
                    "label": "STGFNPS_AGING_CATEG_TBL",
                    "metadataUpdated": false,
                    "name": "STGFNPS_AGING_CATEG_TBL",
                    "relations": []
                },
                "sortFields": []
            },
            "handleSpecialChars": false,
            "id": 10198702,
            "isFileList": false,
            "isRESTModernSource": true,
            "label": "srcStageTblDeletes",
            "name": "$srcStageTblDeletes$",
            "naturalOrder": true,
            "newFlatFile": false,
            "newObject": false,
            "overriddenFields": [],
            "runtimeAttrs": {},
            "showBusinessNames": true,
            "sourceConnectionId": "0101M00B000000000012",
            "targetUpdateColumns": [],
            "tgtFieldRefs": {},
            "tgtObjectAttributes": {},
            "truncateTarget": false,
            "type": "EXTENDED_SOURCE",
            "uiProperties": {
                "connectionParameterized": "false",
                "isMsrcFilterParameterized": "false",
                "isMsrcSortParameterized": "false",
                "objDesc": "Source Stage table ",
                "objectParameterized": "true",
                "objlabel": "Source Stage table "
            }
        },
        {
            "@type": "mtTaskParameter",
            "bulkApiDBTarget": false,
            "customFuncCfg": {
                "@type": "customFuncConfig",
                "connections": [],
                "id": -1,
                "inputMap": [],
                "outputFields": []
            },
            "extendedObject": {
                "@type": "extendedObject",
                "filters": [],
                "sortFields": []
            },
            "handleSpecialChars": false,
            "id": 10198703,
            "isFileList": false,
            "isRESTModernSource": true,
            "label": "TgtTeradataTblDeletes",
            "name": "$TgtTeradataTblDeletes$",
            "naturalOrder": true,
            "newFlatFile": false,
            "newObject": false,
            "operationType": "Delete",
            "overriddenFields": [],
            "runtimeAttrs": {},
            "showBusinessNames": true,
            "targetConnectionId": "0101M00B00000000002X",
            "targetObject": "PS_AGING_CATEG_TBL_GL",
            "targetObjectLabel": "PS_AGING_CATEG_TBL_GL",
            "targetUpdateColumns": [
                "SETID",
                "AGING_ID",
                "EFFDT",
                "AGING_CATEGORY"
            ],
            "tgtFieldRefs": {},
            "tgtObjectAttributes": {},
            "truncateTarget": false,
            "type": "TARGET",
            "uiProperties": {
                "connectionParameterized": "false",
                "defaultTargetUpdateColumns": "",
                "objDesc": "Target table ",
                "objectParameterized": "true",
                "objlabel": "Target table "
            }
        },
        {
            "@type": "mtTaskParameter",
            "bulkApiDBTarget": false,
            "customFuncCfg": {
                "@type": "customFuncConfig",
                "connections": [],
                "id": -1,
                "inputMap": [],
                "outputFields": []
            },
            "extendedObject": {
                "@type": "extendedObject",
                "filters": [],
                "sortFields": []
            },
            "handleSpecialChars": false,
            "id": 10198704,
            "isFileList": false,
            "isRESTModernSource": true,
            "label": "TgtTeradataTblUpserts",
            "name": "$TgtTeradataTblUpserts$",
            "naturalOrder": true,
            "newFlatFile": false,
            "newObject": false,
            "operationType": "Upsert",
            "overriddenFields": [],
            "runtimeAttrs": {},
            "showBusinessNames": true,
            "targetConnectionId": "0101M00B00000000002X",
            "targetObject": "PS_AGING_CATEG_TBL_GL",
            "targetObjectLabel": "PS_AGING_CATEG_TBL_GL",
            "targetUpdateColumns": [
                "SETID",
                "AGING_ID",
                "EFFDT",
                "AGING_CATEGORY"
            ],
            "tgtFieldRefs": {},
            "tgtObjectAttributes": {},
            "truncateTarget": false,
            "type": "TARGET",
            "uiProperties": {
                "connectionParameterized": "false",
                "defaultTargetUpdateColumns": "",
                "objDesc": "Target table ",
                "objectParameterized": "true",
                "objlabel": "Target table "
            }
        },
        {
            "@type": "mtTaskParameter",
            "bulkApiDBTarget": false,
            "customFuncCfg": {
                "@type": "customFuncConfig",
                "connections": [],
                "id": -1,
                "inputMap": [],
                "outputFields": []
            },
            "description": "Add rename columns",
            "handleSpecialChars": false,
            "id": 10198705,
            "isFileList": false,
            "isRESTModernSource": true,
            "label": "Add rename columns (pAddFieldsAtTask)",
            "name": "$pAddFieldsAtTask$",
            "naturalOrder": true,
            "newFlatFile": false,
            "newObject": false,
            "overriddenFields": [],
            "runtimeAttrs": {},
            "showBusinessNames": true,
            "targetUpdateColumns": [],
            "text": "date/time(29,9) TransDate=Systimestamp();string(1,0) TransCode=IIF($pPurgeIndicator$='Y', 'P', IIF($pSourceChangeIndicator$='I','I',$pSourceChangeIndicator$));integer(10,0) SOURCEID=2;",
            "tgtFieldRefs": {},
            "tgtObjectAttributes": {},
            "truncateTarget": false,
            "type": "STRING",
            "uiProperties": {
                "caption": "Expressions",
                "default": "date/time(29,9)TransDate= Systimestamp();string(1,0)TransCode= IIF($pPurgeIndicator$='Y', 'P', IIF($pSourceChangeIndicator$='I','I',$pSourceChangeIndicator$));integer(10,0)SOURCEID= 2;$pAddFieldsAtTask$",
                "paramtype": "ExpressionEditor",
                "required": "false",
                "templateData": "date/time(29,9)TransDate= Systimestamp();string(1,0)TransCode= IIF($pPurgeIndicator$='Y', 'P', IIF($pSourceChangeIndicator$='I','I',$pSourceChangeIndicator$));integer(10,0)SOURCEID= 2;$pAddFieldsAtTask$"
            }
        },
        {
            "@type": "mtTaskParameter",
            "bulkApiDBTarget": false,
            "customFuncCfg": {
                "@type": "customFuncConfig",
                "connections": [],
                "id": -1,
                "inputMap": [],
                "outputFields": []
            },
            "description": "List of PI columns for aggregation ",
            "handleSpecialChars": false,
            "id": 10198706,
            "isFileList": false,
            "isRESTModernSource": true,
            "label": "List of PI columns  (pPIIAggrColumns)",
            "name": "$pPIIAggrColumns$",
            "naturalOrder": true,
            "newFlatFile": false,
            "newObject": false,
            "overriddenFields": [],
            "runtimeAttrs": {},
            "showBusinessNames": true,
            "targetUpdateColumns": [],
            "text": "SETID;AGING_ID;EFFDT;AGING_CATEGORY",
            "tgtFieldRefs": {},
            "tgtObjectAttributes": {},
            "truncateTarget": false,
            "type": "STRING",
            "uiProperties": {
                "paramtype": "GroupBy"
            }
        },
        {
            "@type": "mtTaskParameter",
            "bulkApiDBTarget": false,
            "customFuncCfg": {
                "@type": "customFuncConfig",
                "connections": [],
                "id": -1,
                "inputMap": [],
                "outputFields": []
            },
            "description": "Purge Indicator Param \\nDefault points to parameter file variable ",
            "handleSpecialChars": false,
            "id": 10198707,
            "isFileList": false,
            "isRESTModernSource": true,
            "label": "Purge Indicator Param  (pPurgeIndicator)",
            "name": "$pPurgeIndicator$",
            "naturalOrder": true,
            "newFlatFile": false,
            "newObject": false,
            "overriddenFields": [],
            "runtimeAttrs": {},
            "showBusinessNames": true,
            "targetUpdateColumns": [],
            "text": "$$PurgeIndicator",
            "tgtFieldRefs": {},
            "tgtObjectAttributes": {},
            "truncateTarget": false,
            "type": "STRING",
            "uiProperties": {
                "default": "$$PurgeIndicator"
            }
        },
        {
            "@type": "mtTaskParameter",
            "bulkApiDBTarget": false,
            "customFuncCfg": {
                "@type": "customFuncConfig",
                "connections": [],
                "id": -1,
                "inputMap": [],
                "outputFields": []
            },
            "description": "Source change indicator ",
            "handleSpecialChars": false,
            "id": 10198708,
            "isFileList": false,
            "isRESTModernSource": true,
            "label": "Source change indicator  (pSourceChangeIndicator)",
            "name": "$pSourceChangeIndicator$",
            "naturalOrder": true,
            "newFlatFile": false,
            "newObject": false,
            "overriddenFields": [],
            "runtimeAttrs": {},
            "showBusinessNames": true,
            "targetUpdateColumns": [],
            "text": "DTL__CAPXACTION",
            "tgtFieldRefs": {},
            "tgtObjectAttributes": {},
            "truncateTarget": false,
            "type": "STRING",
            "uiProperties": {
                "default": "DTL__CAPXACTION"
            }
        },
        {
            "@type": "mtTaskParameter",
            "bulkApiDBTarget": false,
            "customFuncCfg": {
                "@type": "customFuncConfig",
                "connections": [],
                "id": -1,
                "inputMap": [],
                "outputFields": []
            },
            "description": "Stage Sort List Columns",
            "handleSpecialChars": false,
            "id": 10198709,
            "isFileList": false,
            "isRESTModernSource": true,
            "label": "Stage Sort List Columns (pStageSortColumns)",
            "name": "$pStageSortColumns$",
            "naturalOrder": true,
            "newFlatFile": false,
            "newObject": false,
            "overriddenFields": [],
            "runtimeAttrs": {},
            "showBusinessNames": true,
            "targetUpdateColumns": [],
            "text": "SETID=ASC;AGING_ID=ASC;EFFDT=ASC;AGING_CATEGORY=ASC;CDCROWID=ASC;DTL__CAPXTIMESTAMP=ASC;",
            "tgtFieldRefs": {},
            "tgtObjectAttributes": {},
            "truncateTarget": false,
            "type": "STRING",
            "uiProperties": {
                "paramtype": "SortList"
            }
        }
    ],
    "runtimeEnvironmentId": "0101M025000000000002",
    "sequences": [],
    "sessionProperties": {
        "Allow Pushdown for User Incompatible Connections": "YES",
        "Allow Temporary Sequence for Pushdown": "YES",
        "Allow Temporary View for Pushdown": "YES",
        "DTM buffer size": "Auto",
        "Default buffer block size": "Auto",
        "Maximum Memory Allowed For Auto Memory Attributes": "4GB",
        "Pushdown Optimization": "To Source",
        "Stop on errors": "1"
    },
    "shortDescription": "Python-generated MCT for moving data from Cdc Orac...",
    "verbose": false,
    "warningTaskEmail": {
        "@type": "taskEmail",
        "emailType": "WARNING",
        "emails": "AIMDataPlatformOps@kellyservices.com",
        "id": 81860
    }
}