{
    "@type": "mtTask",
    "agentId": "01008B08000000000003",
    "createTime": "2018-07-02T12:01:40.000Z",
    "createdBy": "hark161@kellyservices.com.saml2",
    "description": "Python-generated MCT Source Table :StgHrPs_Customer, Target Table :CdcHrPs_Customer",
    "enableCrossSchemaPushdown": true,
    "id": "01008B0Z00000000022E",
    "inOutParameters": [],
    "lastRunTime": 1530547315000,
    "mappingId": "01008B1700000000007K",
    "maxLogs": 10,
    "name": "Tsk_OracleStage2SqlDwCdcHrPs_Customer",
    "orgId": "01008B",
    "parameterFileName": "DailyExtractOracleStgHr.param",
    "parameters": [
        {
            "@type": "mtTaskParameter",
            "bulkApiDBTarget": false,
            "customFuncCfg": {
                "@type": "customFuncConfig",
                "connections": [],
                "id": -1,
                "inputMap": [],
                "outputFields": []
            },
            "extendedObject": {
                "@type": "extendedObject",
                "filters": [],
                "object": {
                    "@type": "mObject",
                    "children": [],
                    "label": "STGHRPS_CUSTOMER",
                    "metadataUpdated": false,
                    "name": "STGHRPS_CUSTOMER",
                    "relations": []
                },
                "sortFields": []
            },
            "handleSpecialChars": false,
            "id": 1020860,
            "isFileList": false,
            "isRESTModernSource": true,
            "label": "SrcStageTbl",
            "name": "$SrcStageTbl$",
            "naturalOrder": true,
            "newFlatFile": false,
            "newObject": false,
            "overriddenFields": [],
            "runtimeAttrs": {},
            "showBusinessNames": true,
            "sourceConnectionId": "01008B0B000000000022",
            "targetUpdateColumns": [],
            "tgtFieldRefs": {},
            "tgtObjectAttributes": {},
            "truncateTarget": false,
            "type": "EXTENDED_SOURCE",
            "uiProperties": {
                "connectionParameterized": "false",
                "isMsrcFilterParameterized": "false",
                "isMsrcSortParameterized": "false",
                "objDesc": "Source Stage table ",
                "objectParameterized": "true",
                "objlabel": "Source Stage table "
            }
        },
        {
            "@type": "mtTaskParameter",
            "bulkApiDBTarget": false,
            "customFuncCfg": {
                "@type": "customFuncConfig",
                "connections": [],
                "id": -1,
                "inputMap": [],
                "outputFields": []
            },
            "description": "Target table Database connection ",
            "extendedObject": {
                "@type": "extendedObject",
                "filters": [],
                "sortFields": []
            },
            "handleSpecialChars": false,
            "id": 1020861,
            "isFileList": false,
            "isRESTModernSource": true,
            "label": "Target table Database connection  (pDbConnectionTarget)",
            "name": "$TgtSqlDwTbl$",
            "naturalOrder": true,
            "newFlatFile": false,
            "newObject": false,
            "operationType": "Upsert",
            "overriddenFields": [],
            "runtimeAttrs": {
                "Azure Blob Container Name": "inbound",
                "DELETE": "NO",
                "Error File Directory": "",
                "Field Delimiter": "0x1e",
                "INSERT": "YES",
                "Number of concurrent connections to Blob Store": "4",
                "On Pre-Post SQL Error": "Continue",
                "Post SQL": "",
                "Pre SQL": "",
                "Quote Character": "0x1f",
                "Success File Directory": "",
                "Truncate Table": "NO",
                "UPDATE": "Update else Insert"
            },
            "showBusinessNames": true,
            "targetConnectionId": "01008B0B000000000026",
            "targetObject": "CdcHrPs_Customer",
            "targetObjectLabel": "CdcHrPs_Customer",
            "targetUpdateColumns": [
                "SETID",
                "CUST_ID"
            ],
            "tgtFieldRefs": {},
            "tgtObjectAttributes": {},
            "truncateTarget": false,
            "type": "TARGET",
            "uiProperties": {
                "connectionParameterized": "true",
                "defaultTargetUpdateColumns": "",
                "logcnx": "pDbConnectionTarget",
                "objDesc": "Target SqlDw table ",
                "objectParameterized": "true",
                "objlabel": "Target SqlDw table "
            }
        },
        {
            "@type": "mtTaskParameter",
            "bulkApiDBTarget": false,
            "customFuncCfg": {
                "@type": "customFuncConfig",
                "connections": [],
                "id": -1,
                "inputMap": [],
                "outputFields": []
            },
            "description": "Input DwSource System Code or Use Default",
            "handleSpecialChars": false,
            "id": 1020862,
            "isFileList": false,
            "isRESTModernSource": true,
            "label": "Dw Source System Code  (pDwSourceSystemCode)",
            "name": "$pDwSourceSystemCode$",
            "naturalOrder": true,
            "newFlatFile": false,
            "newObject": false,
            "overriddenFields": [],
            "runtimeAttrs": {},
            "showBusinessNames": true,
            "targetUpdateColumns": [],
            "text": "$$SourceSystemCode",
            "tgtFieldRefs": {},
            "tgtObjectAttributes": {},
            "truncateTarget": false,
            "type": "STRING",
            "uiProperties": {
                "default": "$$SourceSystemCode"
            }
        },
        {
            "@type": "mtTaskParameter",
            "bulkApiDBTarget": false,
            "customFuncCfg": {
                "@type": "customFuncConfig",
                "connections": [],
                "id": -1,
                "inputMap": [],
                "outputFields": []
            },
            "description": "List of PKey columns for aggregation ",
            "handleSpecialChars": false,
            "id": 1020863,
            "isFileList": false,
            "isRESTModernSource": true,
            "label": "List of PKey columns  (pPKeyAggratorColumns)",
            "name": "$pPKeyAggratorColumns$",
            "naturalOrder": true,
            "newFlatFile": false,
            "newObject": false,
            "overriddenFields": [],
            "runtimeAttrs": {},
            "showBusinessNames": true,
            "targetUpdateColumns": [],
            "text": "SETID;CUST_ID",
            "tgtFieldRefs": {},
            "tgtObjectAttributes": {},
            "truncateTarget": false,
            "type": "STRING",
            "uiProperties": {
                "paramtype": "GroupBy"
            }
        },
        {
            "@type": "mtTaskParameter",
            "bulkApiDBTarget": false,
            "customFuncCfg": {
                "@type": "customFuncConfig",
                "connections": [],
                "id": -1,
                "inputMap": [],
                "outputFields": []
            },
            "description": "Purge Indicator Param \\nDefault points to parameter file variable ",
            "handleSpecialChars": false,
            "id": 1020864,
            "isFileList": false,
            "isRESTModernSource": true,
            "label": "Purge Indicator Param  (pPurgeIndicator)",
            "name": "$pPurgeIndicator$",
            "naturalOrder": true,
            "newFlatFile": false,
            "newObject": false,
            "overriddenFields": [],
            "runtimeAttrs": {},
            "showBusinessNames": true,
            "targetUpdateColumns": [],
            "text": "$$PurgeIndicator",
            "tgtFieldRefs": {},
            "tgtObjectAttributes": {},
            "truncateTarget": false,
            "type": "STRING",
            "uiProperties": {
                "default": "$$PurgeIndicator"
            }
        },
        {
            "@type": "mtTaskParameter",
            "bulkApiDBTarget": false,
            "customFuncCfg": {
                "@type": "customFuncConfig",
                "connections": [],
                "id": -1,
                "inputMap": [],
                "outputFields": []
            },
            "description": "Source change indicator ",
            "handleSpecialChars": false,
            "id": 1020865,
            "isFileList": false,
            "isRESTModernSource": true,
            "label": "Source change indicator  (pSourceChangeIndicator)",
            "name": "$pSourceChangeIndicator$",
            "naturalOrder": true,
            "newFlatFile": false,
            "newObject": false,
            "overriddenFields": [],
            "runtimeAttrs": {},
            "showBusinessNames": true,
            "targetUpdateColumns": [],
            "text": "DTL__CAPXACTION",
            "tgtFieldRefs": {},
            "tgtObjectAttributes": {},
            "truncateTarget": false,
            "type": "STRING",
            "uiProperties": {
                "default": "DTL__CAPXACTION"
            }
        },
        {
            "@type": "mtTaskParameter",
            "bulkApiDBTarget": false,
            "customFuncCfg": {
                "@type": "customFuncConfig",
                "connections": [],
                "id": -1,
                "inputMap": [],
                "outputFields": []
            },
            "description": "Stage Sort List Columns",
            "handleSpecialChars": false,
            "id": 1020866,
            "isFileList": false,
            "isRESTModernSource": true,
            "label": "Stage Sort List Columns (pStageSortColumns)",
            "name": "$pStageSortColumns$",
            "naturalOrder": true,
            "newFlatFile": false,
            "newObject": false,
            "overriddenFields": [],
            "runtimeAttrs": {},
            "showBusinessNames": true,
            "targetUpdateColumns": [],
            "text": "SETID=ASC;CUST_ID=ASC;CDCROWID=ASC;DTL__CAPXTIMESTAMP=ASC;",
            "tgtFieldRefs": {},
            "tgtObjectAttributes": {},
            "truncateTarget": false,
            "type": "STRING",
            "uiProperties": {
                "paramtype": "SortList"
            }
        }
    ],
    "runtimeEnvironmentId": "01008B25000000000002",
    "sequences": [],
    "sessionProperties": {
        "Allow Temporary Sequence for Pushdown": "YES",
        "Allow Temporary View for Pushdown": "YES",
        "Pushdown Optimization": "To Source",
        "Stop on errors": "1"
    },
    "shortDescription": "Python-generated MCT Source Table :StgHrPs_Custome...",
    "updateTime": "2018-07-03T10:19:02.000Z",
    "updatedBy": "hark161@kellyservices.com.saml2",
    "verbose": false
}