{
    "@type": "mtTask",
    "connRuntimeAttrs": [],
    "description": "Template Task for moving data from PeopleSoft to Azure Teradata Source Table :Ps_Aging_Categ_Tbl, Target Table :CdcFnPs_Aging_Categ_Tbl",
    "enableCrossSchemaPushdown": true,
    "errorTaskEmail": {
        "@type": "taskEmail",
        "emailType": "ERROR",
        "emails": "AIMDataPlatformOps@kellyservices.com",
        "id": 52010
    },
    "inOutParameters": [
        {
            "@type": "mtTaskInOutParameter",
            "aggregationType": "MAX",
            "currentValue": "PS_BUS_UNIT_TBL_HR_PY",
            "datatype": "STRING",
            "description": "Target Table Name ",
            "id": "-1",
            "initialValue": "PS_VENDOR_GL",
            "name": "pTargetTableName",
            "precision": "30",
            "retentionPolicy": "NEVER",
            "scale": "0"
        }
    ],
    "mappingId": "0101M01700000000014G",
    "maxLogs": 10,
    "name": "Tsk_PeopleSoftHr2TeradataFullRefreshPS_BUS_UNIT_TBL_HR_PY_Template",
    "orgId": "0101M0",
    "parameterFileName": "FullRefreshTeradataHr.param",
    "parameters": [
        {
            "@type": "mtTaskParameter",
            "bulkApiDBTarget": false,
            "customFuncCfg": {
                "@type": "customFuncConfig",
                "connections": [],
                "id": -1,
                "inputMap": [],
                "outputFields": []
            },
            "customQuery": "SELECT CURRENT_TIMESTAMP(6) AS  CURRENTTIME",
            "handleSpecialChars": false,
            "id": 8809896,
            "isFileList": false,
            "isRESTModernSource": true,
            "label": "SelQuery",
            "name": "$SelQuery$",
            "naturalOrder": true,
            "newFlatFile": false,
            "newObject": false,
            "overriddenFields": [],
            "runtimeAttrs": {},
            "showBusinessNames": false,
            "sourceConnectionId": "0101M00B00000000003U",
            "sourceObject": "DUMMY_SelQuery",
            "targetUpdateColumns": [],
            "tgtFieldRefs": {},
            "tgtObjectAttributes": {},
            "truncateTarget": false,
            "type": "SOURCE",
            "uiProperties": {
                "connectionParameterized": "false",
                "objectParameterized": "false",
                "visible": "false"
            }
        },
        {
            "@type": "mtTaskParameter",
            "bulkApiDBTarget": false,
            "customFuncCfg": {
                "@type": "customFuncConfig",
                "connections": [],
                "id": -1,
                "inputMap": [],
                "outputFields": []
            },
            "description": "Source Connection ",
            "extendedObject": {
                "@type": "extendedObject",
                "filters": [],
                "object": {
                    "@type": "mObject",
                    "children": [],
                    "label": "PS_BUS_UNIT_TBL_HR",
                    "metadataUpdated": false,
                    "name": "PS_BUS_UNIT_TBL_HR",
                    "relations": []
                },
                "sortFields": []
            },
            "handleSpecialChars": false,
            "id": 8809897,
            "isFileList": false,
            "isRESTModernSource": true,
            "label": "Source Connection  (pSourceConnection)",
            "name": "$SourceTable$",
            "naturalOrder": true,
            "newFlatFile": false,
            "newObject": false,
            "overriddenFields": [],
            "runtimeAttrs": {},
            "showBusinessNames": true,
            "sourceConnectionId": "0101M00B000000000017",
            "targetUpdateColumns": [],
            "tgtFieldRefs": {},
            "tgtObjectAttributes": {},
            "truncateTarget": false,
            "type": "EXTENDED_SOURCE",
            "uiProperties": {
                "connectionParameterized": "true",
                "isMsrcFilterParameterized": "false",
                "isMsrcSortParameterized": "false",
                "logcnx": "pSourceConnection",
                "objDesc": "Source Table Name",
                "objectParameterized": "true",
                "objlabel": "Source Table Name"
            }
        },
        {
            "@type": "mtTaskParameter",
            "bulkApiDBTarget": false,
            "customFuncCfg": {
                "@type": "customFuncConfig",
                "connections": [],
                "id": -1,
                "inputMap": [],
                "outputFields": []
            },
            "extendedObject": {
                "@type": "extendedObject",
                "filters": [],
                "sortFields": []
            },
            "handleSpecialChars": false,
            "id": 8809898,
            "isFileList": false,
            "isRESTModernSource": true,
            "label": "TargetTable",
            "name": "$TargetTable$",
            "naturalOrder": true,
            "newFlatFile": false,
            "newObject": false,
            "operationType": "Insert",
            "overriddenFields": [],
            "runtimeAttrs": {},
            "showBusinessNames": true,
            "targetConnectionId": "0101M00B00000000002X",
            "targetObject": "PS_BUS_UNIT_TBL_HR_PY",
            "targetObjectLabel": "PS_BUS_UNIT_TBL_HR_PY",
            "targetUpdateColumns": [],
            "tgtFieldRefs": {},
            "tgtObjectAttributes": {},
            "truncateTarget": false,
            "type": "TARGET",
            "uiProperties": {
                "connectionParameterized": "false",
                "defaultTargetUpdateColumns": "",
                "objDesc": "Target Table Name",
                "objectParameterized": "true",
                "objlabel": "Target Table Name"
            }
        },
        {
            "@type": "mtTaskParameter",
            "bulkApiDBTarget": false,
            "customFuncCfg": {
                "@type": "customFuncConfig",
                "connections": [],
                "id": -1,
                "inputMap": [],
                "outputFields": []
            },
            "extendedObject": {
                "@type": "extendedObject",
                "filters": [],
                "sortFields": []
            },
            "handleSpecialChars": false,
            "id": 8809899,
            "isFileList": false,
            "isRESTModernSource": true,
            "label": "TruncateLogTable",
            "name": "$TruncateLogTable$",
            "naturalOrder": true,
            "newFlatFile": false,
            "newObject": false,
            "operationType": "Insert",
            "overriddenFields": [],
            "runtimeAttrs": {},
            "showBusinessNames": false,
            "targetConnectionId": "0101M00B00000000000B",
            "targetObject": "DwOpsTeradataCdcTruncateLog",
            "targetObjectLabel": "DwOpsTeradataCdcTruncateLog",
            "targetUpdateColumns": [],
            "tgtFieldRefs": {},
            "tgtObjectAttributes": {},
            "truncateTarget": false,
            "type": "TARGET",
            "uiProperties": {
                "connectionParameterized": "false",
                "defaultTargetUpdateColumns": "",
                "objectParameterized": "false",
                "visible": "false"
            }
        },
        {
            "@type": "mtTaskParameter",
            "bulkApiDBTarget": false,
            "customFuncCfg": {
                "@type": "customFuncConfig",
                "connections": [],
                "id": -1,
                "inputMap": [],
                "outputFields": []
            },
            "description": "Add new output fields to match output column names. ",
            "handleSpecialChars": false,
            "id": 8809900,
            "isFileList": false,
            "isRESTModernSource": true,
            "label": "add new columns  (pAddNewFields)",
            "name": "$pAddNewFields$",
            "naturalOrder": true,
            "newFlatFile": false,
            "newObject": false,
            "overriddenFields": [],
            "runtimeAttrs": {},
            "showBusinessNames": true,
            "targetUpdateColumns": [],
            "text": "bigint(19,0) SOURCEID=2;date/time(29,9) TRANSDATE=Systimestamp();string(1,0) TRANSCODE='I';",
            "tgtFieldRefs": {},
            "tgtObjectAttributes": {},
            "truncateTarget": false,
            "type": "STRING",
            "uiProperties": {
                "caption": "Expressions",
                "default": "bigint(19,0)SOURCEID= 2;date/time(29,9)TRANSDATE= Systimestamp();string(1,0)TRANSCODE= 'I';$pAddNewFields$",
                "paramtype": "ExpressionEditor",
                "required": "false",
                "templateData": "bigint(19,0)SOURCEID= 2;date/time(29,9)TRANSDATE= Systimestamp();string(1,0)TRANSCODE= 'I';$pAddNewFields$"
            }
        }
    ],
    "runtimeEnvironmentId": "0101M025000000000002",
    "sequences": [],
    "sessionProperties": {},
    "shortDescription": "Template Task for moving data from PeopleSoft to A...",
    "verbose": false,
    "warningTaskEmail": {
        "@type": "taskEmail",
        "emailType": "WARNING",
        "emails": "AIMDataPlatformOps@kellyservices.com",
        "id": 52011
    }
}