{
    "@type": "mtTask",
    "connRuntimeAttrs": [],
    "description": "Template Task for moving data from PeopleSoft to Azure SqlDw Source Table :Ps_Bus_Unit_Tbl_Hr, Target Table :CdcHrPs_Bus_Unit_Tbl_Hr",
    "enableCrossSchemaPushdown": false,
    "errorTaskEmail": {
        "@type": "taskEmail",
        "emailType": "ERROR",
        "emails": "AIMDataPlatformOps@kellyservices.com",
        "id": 65784
    },
    "inOutParameters": [
        {
            "@type": "mtTaskInOutParameter",
            "aggregationType": "MAX",
            "currentValue": "CdcHrPs_Bus_Unit_Tbl_Hr",
            "datatype": "STRING",
            "description": "Target Table Name ",
            "id": "-1",
            "initialValue": "CdcFnPs_Vendor",
            "name": "pTgtTableName",
            "precision": "50",
            "retentionPolicy": "NEVER",
            "scale": "0"
        }
    ],
    "mappingId": "0101M0170000000001D9",
    "maxLogs": 10,
    "name": "Tsk_PeopleSoftHr2SqlDwFullRefreshCdcHrPs_Bus_Unit_Tbl_Hr_Template",
    "orgId": "0101M0",
    "parameterFileName": "FullRefreshSqlDwHr.param",
    "parameters": [
        {
            "@type": "mtTaskParameter",
            "bulkApiDBTarget": false,
            "customFuncCfg": {
                "@type": "customFuncConfig",
                "connections": [],
                "id": -1,
                "inputMap": [],
                "outputFields": []
            },
            "description": "Oracle CDC Source ODBC connection ",
            "extendedObject": {
                "@type": "extendedObject",
                "filters": [],
                "object": {
                    "@type": "mObject",
                    "children": [],
                    "label": "Ps_Bus_Unit_Tbl_Hr",
                    "metadataUpdated": false,
                    "name": "Ps_Bus_Unit_Tbl_Hr",
                    "relations": []
                },
                "sortFields": []
            },
            "handleSpecialChars": false,
            "id": 8808870,
            "isFileList": false,
            "isRESTModernSource": true,
            "label": "Oracle CDC Source ODBC connection  (pOraODBCSourceConnection)",
            "name": "$SrcTbl$",
            "naturalOrder": true,
            "newFlatFile": false,
            "newObject": false,
            "overriddenFields": [],
            "runtimeAttrs": {},
            "showBusinessNames": true,
            "sourceConnectionId": "0101M00B000000000017",
            "targetUpdateColumns": [],
            "tgtFieldRefs": {},
            "tgtObjectAttributes": {},
            "truncateTarget": false,
            "type": "EXTENDED_SOURCE",
            "uiProperties": {
                "connectionParameterized": "true",
                "isMsrcFilterParameterized": "false",
                "isMsrcSortParameterized": "false",
                "logcnx": "pOraODBCSourceConnection",
                "objDesc": "PeopleSoft Source Table",
                "objectParameterized": "true",
                "objlabel": "PeopleSoft Source Table"
            }
        },
        {
            "@type": "mtTaskParameter",
            "bulkApiDBTarget": false,
            "customFuncCfg": {
                "@type": "customFuncConfig",
                "connections": [],
                "id": -1,
                "inputMap": [],
                "outputFields": []
            },
            "extendedObject": {
                "@type": "extendedObject",
                "filters": [],
                "sortFields": []
            },
            "handleSpecialChars": false,
            "id": 8808871,
            "isFileList": false,
            "isRESTModernSource": true,
            "label": "TgtTbl",
            "name": "$TgtTbl$",
            "naturalOrder": true,
            "newFlatFile": false,
            "newObject": false,
            "operationType": "Insert",
            "overriddenFields": [],
            "runtimeAttrs": {},
            "showBusinessNames": true,
            "targetConnectionId": "0101M00B00000000001Q",
            "targetObject": "CdcHrPs_Bus_Unit_Tbl_Hr",
            "targetObjectLabel": "CdcHrPs_Bus_Unit_Tbl_Hr",
            "targetUpdateColumns": [],
            "tgtFieldRefs": {},
            "tgtObjectAttributes": {},
            "truncateTarget": false,
            "type": "TARGET",
            "uiProperties": {
                "connectionParameterized": "false",
                "defaultTargetUpdateColumns": "",
                "objDesc": "SqlDw Target Table",
                "objectParameterized": "true",
                "objlabel": "SqlDw Target Table"
            }
        },
        {
            "@type": "mtTaskParameter",
            "bulkApiDBTarget": false,
            "customFuncCfg": {
                "@type": "customFuncConfig",
                "connections": [],
                "id": -1,
                "inputMap": [],
                "outputFields": []
            },
            "description": "Input DwSource System Code or Use Default",
            "handleSpecialChars": false,
            "id": 8808872,
            "isFileList": false,
            "isRESTModernSource": true,
            "label": "Dw Source System Code  (pDwSourceSystemCode)",
            "name": "$pDwSourceSystemCode$",
            "naturalOrder": true,
            "newFlatFile": false,
            "newObject": false,
            "overriddenFields": [],
            "runtimeAttrs": {},
            "showBusinessNames": true,
            "targetUpdateColumns": [],
            "text": "'PSTHR'",
            "tgtFieldRefs": {},
            "tgtObjectAttributes": {},
            "truncateTarget": false,
            "type": "STRING",
            "uiProperties": {
                "default": "$$SourceSystemCode"
            }
        }
    ],
    "postProcessingCmd": "python \"$PMRootDir\\Scripts\\Python\\start.py\" etljobend Tsk_PeopleSoftHr2SqlDwFullRefreshCdcHrPs_Bus_Unit_Tbl_Hr",
    "preProcessingCmd": "python \"$PMRootDir\\Scripts\\Python\\start.py\" etljobstart Tsk_PeopleSoftHr2SqlDwFullRefreshCdcHrPs_Bus_Unit_Tbl_Hr",
    "runtimeEnvironmentId": "0101M025000000000002",
    "sequences": [],
    "sessionProperties": {
        "DTM buffer size": "Auto",
        "Default buffer block size": "Auto",
        "Maximum Memory Allowed For Auto Memory Attributes": "4GB",
        "Stop on errors": "1"
    },
    "shortDescription": "Template Task for moving data from PeopleSoft to A...",
    "verbose": false,
    "warningTaskEmail": {
        "@type": "taskEmail",
        "emailType": "WARNING",
        "emails": "AIMDataPlatformOps@kellyservices.com",
        "id": 65785
    }
}