{
    "@type": "mtTask",
    "description": "Python-generated MCT for moving data from PeopleSoft to Teradata.",
    "enableCrossSchemaPushdown": true,
    "inOutParameters": [],
    "mappingId": "0101M0170000000000IQ",
    "maxLogs": 10,
    "name": "Tsk_PeopleSoftFn2TeradataFullRefreshPS_GL_ACCOUNT_TBL_GL",
    "orgId": "0101M0",
    "parameters": [
        {
            "@type": "mtTaskParameter",
            "bulkApiDBTarget": false,
            "customFuncCfg": {
                "@type": "customFuncConfig",
                "connections": [],
                "id": -1,
                "inputMap": [],
                "outputFields": []
            },
            "description": "Oracle CDC Source ODBC connection ",
            "extendedObject": {
                "@type": "extendedObject",
                "filters": [],
                "object": {
                    "@type": "mObject",
                    "children": [],
                    "label": "PS_GL_ACCOUNT_TBL",
                    "metadataUpdated": false,
                    "name": "PS_GL_ACCOUNT_TBL",
                    "relations": []
                },
                "sortFields": []
            },
            "handleSpecialChars": false,
            "id": 4561623,
            "isFileList": false,
            "isRESTModernSource": true,
            "label": "Oracle CDC Source ODBC connection  (pOraODBCSourceConnection)",
            "name": "$SrcTbl$",
            "naturalOrder": true,
            "newFlatFile": false,
            "newObject": false,
            "overriddenFields": [],
            "runtimeAttrs": {},
            "showBusinessNames": true,
            "sourceConnectionId": "0101M00B00000000000X",
            "targetUpdateColumns": [],
            "tgtFieldRefs": {},
            "tgtObjectAttributes": {},
            "truncateTarget": false,
            "type": "EXTENDED_SOURCE",
            "uiProperties": {
                "connectionParameterized": "true",
                "isMsrcFilterParameterized": "false",
                "isMsrcSortParameterized": "false",
                "logcnx": "pOraODBCSourceConnection",
                "objDesc": "PeopleSoft Source Table",
                "objectParameterized": "true",
                "objlabel": "PeopleSoft Source Table"
            }
        },
        {
            "@type": "mtTaskParameter",
            "bulkApiDBTarget": false,
            "customFuncCfg": {
                "@type": "customFuncConfig",
                "connections": [],
                "id": -1,
                "inputMap": [],
                "outputFields": []
            },
            "extendedObject": {
                "@type": "extendedObject",
                "filters": [],
                "sortFields": []
            },
            "handleSpecialChars": false,
            "id": 4561624,
            "isFileList": false,
            "isRESTModernSource": true,
            "label": "TgtTbl",
            "name": "$TgtTbl$",
            "naturalOrder": true,
            "newFlatFile": false,
            "newObject": false,
            "operationType": "Insert",
            "overriddenFields": [],
            "runtimeAttrs": {},
            "showBusinessNames": true,
            "targetConnectionId": "0101M00B00000000002X",
            "targetObject": "PS_GL_ACCOUNT_TBL_GL",
            "targetObjectLabel": "PS_GL_ACCOUNT_TBL_GL",
            "targetUpdateColumns": [],
            "tgtFieldRefs": {},
            "tgtObjectAttributes": {},
            "truncateTarget": false,
            "type": "TARGET",
            "uiProperties": {
                "connectionParameterized": "false",
                "defaultTargetUpdateColumns": "",
                "objDesc": "SqlDw Target Table",
                "objectParameterized": "true",
                "objlabel": "SqlDw Target Table"
            }
        },
        {
            "@type": "mtTaskParameter",
            "bulkApiDBTarget": false,
            "customFuncCfg": {
                "@type": "customFuncConfig",
                "connections": [],
                "id": -1,
                "inputMap": [],
                "outputFields": []
            },
            "description": "Additional Field",
            "handleSpecialChars": false,
            "id": 4561625,
            "isFileList": false,
            "isRESTModernSource": true,
            "label": "Additional Field (pAdditionalFields)",
            "name": "$pAdditionalFields$",
            "naturalOrder": true,
            "newFlatFile": false,
            "newObject": false,
            "overriddenFields": [],
            "runtimeAttrs": {},
            "showBusinessNames": true,
            "targetUpdateColumns": [],
            "text": "string(1,0) TRANSCODE='I';date/time(29,9) TRANSDATE=Systimestamp();bigint(19,0) SOURCEID=2;string(10,0) ACCOUNTS=ACCOUNT;",
            "tgtFieldRefs": {},
            "tgtObjectAttributes": {},
            "truncateTarget": false,
            "type": "STRING",
            "uiProperties": {
                "caption": "Expressions",
                "default": "string(1,0)TRANSCODE= 'I';date/time(29,9)TRANSDATE= Systimestamp();bigint(19,0)SOURCEID= 2;$pAdditionalFields$",
                "paramtype": "ExpressionEditor",
                "required": "false",
                "templateData": "string(1,0)TRANSCODE= 'I';date/time(29,9)TRANSDATE= Systimestamp();bigint(19,0)SOURCEID= 2;$pAdditionalFields$"
            }
        }
    ],
    "runtimeEnvironmentId": "0101M025000000000002",
    "sequences": [],
    "sessionProperties": {},
    "shortDescription": "Python-generated MCT for moving data from PeopleSo...",
    "verbose": false
}