Seq,SrcTbl,StgTbl,parameterFileName
63,JobCodes,StgErJobCodes,
71,BackOfficeCustomers,StgErBackOfficeCustomers,
72,PaymentTerms,StgErPaymentTerms,
76,EnableDisableReasons,StgErEnableDisableReasons,
77,EntityFederalIds,StgErEntityFederalIds,
78,FolderGroupJobCodes,StgErFolderGroupJobCodes,
80,DurationUnit,StgErDurationUnit,
82,ExpenseCalculationType,StgErExpenseCalculationType,
84,MATCH_TRANS_DESC,StgErMatch_Trans_Desc,
85,MatchExpenseTypes,StgErMatchExpenseTypes,
86,RangeCalendar,StgErRangeCalendar,
87,RequirementCustomFields,StgErRequirementCustomFields,
88,IntegrationProviders,StgErIntegrationProviders,
89,IntegrationServiceCategories,StgErIntegrationServiceCategories,
90,IntegrationServices,StgErIntegrationServices,
91,IntegrationServiceStatuses,StgErIntegrationServiceStatuses,
92,IntegrationServiceSubTypes,StgErIntegrationServiceSubTypes,
93,ObjectRequirementInitiatedServices,StgErObjectRequirementInitiatedServices,
