Seq,SrcTbl,StgTbl,parameterFileName
1,AboutTypes,StgErAboutTypes,DailyExtractERecruitDTP2Stg.param
2,AdditionalOwners,StgErAdditionalOwners,DailyExtractERecruitDTP2Stg.param
3,Addresses,StgErAddresses,DailyExtractERecruitDTP2Stg.param
4,AddressReferences,StgErAddressReferences,DailyExtractERecruitDTP2Stg.param
6,CANDIDATE_STATUS,StgErCandidate_Status,DailyExtractERecruitDTP2Stg.param
7,CandidateTerminationReasons,StgErCandidateTerminationReasons,DailyExtractERecruitDTP2Stg.param
8,ClientProjects,StgErClientProjects,DailyExtractERecruitDTP2Stg.param
9,Communications,StgErCommunications,DailyExtractERecruitDTP2Stg.param
10,CommunicationTypes,StgErCommunicationTypes,DailyExtractERecruitDTP2Stg.param
11,COMPANY,StgErCompany,DailyExtractERecruitDTP2Stg.param
12,CompanyDepartments,StgErCompanyDepartments,DailyExtractERecruitDTP2Stg.param
13,CompanyStatus,StgErCompanyStatus,DailyExtractERecruitDTP2Stg.param
14,CompanyType,StgErCompanyType,DailyExtractERecruitDTP2Stg.param
15,CONTACT,StgErContact,DailyExtractERecruitDTP2Stg.param
16,CONTACT_HR_TYPE,StgErContact_Hr_Type,DailyExtractERecruitDTP2Stg.param
17,ContractMatchPayTypes,StgErContractMatchPayTypes,DailyExtractERecruitDTP2Stg.param
18,Countries,StgErCountries,DailyExtractERecruitDTP2Stg.param
19,CustomFieldEnumValues,StgErCustomFieldEnumValues,DailyExtractERecruitDTP2Stg.param
20,CustomFields,StgErCustomFields,DailyExtractERecruitDTP2Stg.param
21,CustomFieldValues,StgErCustomFieldValues,DailyExtractERecruitDTP2Stg.param
22,DepartmentRoles,StgErDepartmentRoles,DailyExtractERecruitDTP2Stg.param
23,Departments,StgErDepartments,DailyExtractERecruitDTP2Stg.param
24,Entities,StgErEntities,DailyExtractERecruitDTP2Stg.param
25,EntityTypes,StgErEntityTypes,DailyExtractERecruitDTP2Stg.param
26,Ethnicities,StgErEthnicities,DailyExtractERecruitDTP2Stg.param
27,FOLDER_GROUP_CAT,StgErFolder_Group_Cat,DailyExtractERecruitDTP2Stg.param
28,FOLDER_GROUPS,StgErFolder_Groups,DailyExtractERecruitDTP2Stg.param
29,HR_REPRESENTATIVE,StgErHr_Representative,DailyExtractERecruitDTP2Stg.param
30,IND_DEPT,StgErInd_Dept,DailyExtractERecruitDTP2Stg.param
31,Match,StgErMatch,DailyExtractERecruitDTP2Stg.param
32,MATCH_TYPE,StgErMatch_Type,DailyExtractERecruitDTP2Stg.param
33,MatchEndReasons,StgErMatchEndReasons,DailyExtractERecruitDTP2Stg.param
34,NewNotes,StgErNewNotes,DailyExtractERecruitDTP2Stg.param
35,NoteActions,StgErNoteActions,DailyExtractERecruitDTP2Stg.param
36,NoteReferences,StgErNoteReferences,DailyExtractERecruitDTP2Stg.param
37,ObjectFolderGroups,StgErObjectFolderGroups,DailyExtractERecruitDTP2Stg.param
38,ObjectRelationships,StgErObjectRelationships,DailyExtractERecruitDTP2Stg.param
39,ObjectRelationshipTypes,StgErObjectRelationshipTypes,DailyExtractERecruitDTP2Stg.param
40,ObjectRequirements,StgErObjectRequirements,DailyExtractERecruitDTP2Stg.param
41,ObjectStatusTransitions,StgErObjectStatusTransitions,DailyExtractERecruitDTP2Stg.param
42,PENDING_DESC,StgErPending_Desc,DailyExtractERecruitDTP2Stg.param
43,POSITION,StgErPosition,DailyExtractERecruitDTP2Stg.param
44,POSITION_STATUS,StgErPosition_Status,DailyExtractERecruitDTP2Stg.param
46,RateGroup,StgErRateGroup,DailyExtractERecruitDTP2Stg.param
47,RecruiterDepartments,StgErRecruiterDepartments,DailyExtractERecruitDTP2Stg.param
48,RecruiterRolesInDepartment,StgErRecruiterRolesInDepartment,DailyExtractERecruitDTP2Stg.param
49,RequirementPriorities,StgErRequirementPriorities,DailyExtractERecruitDTP2Stg.param
50,RequirementRejectionReasons,StgErRequirementRejectionReasons,DailyExtractERecruitDTP2Stg.param
51,Requirements,StgErRequirements,DailyExtractERecruitDTP2Stg.param
52,RequirementStatusDefinitions,StgErRequirementStatusDefinitions,DailyExtractERecruitDTP2Stg.param
53,RequirementTemplates,StgErRequirementTemplates,DailyExtractERecruitDTP2Stg.param
54,RequirementTypes,StgErRequirementTypes,DailyExtractERecruitDTP2Stg.param
55,ROLE_TYPE,StgErRole_Type,DailyExtractERecruitDTP2Stg.param
56,SharedPositions,StgErSharedPositions,DailyExtractERecruitDTP2Stg.param
57,States,StgErStates,DailyExtractERecruitDTP2Stg.param
58,TimesheetField,StgErTimesheetField,DailyExtractERecruitDTP2Stg.param
59,TimesheetFieldDefinition,StgErTimesheetFieldDefinition,DailyExtractERecruitDTP2Stg.param
60,TimesheetFieldValue,StgErTimesheetFieldValue,DailyExtractERecruitDTP2Stg.param
61,TimesheetTRC,StgErTimesheetTrc,DailyExtractERecruitDTP2Stg.param
62,Vendors,StgErVendors,DailyExtractERecruitDTP2Stg.param
64,DepartmentLevels,StgErDepartmentLevels,DailyExtractERecruitDTP2Stg.param
65,VeteranStatus,StgErVeteranStatus,DailyExtractERecruitDTP2Stg.param
67,Worksites,StgErWorksites,DailyExtractERecruitDTP2Stg.param
68,ProcessingProfiles,StgErProcessingProfiles,DailyExtractERecruitDTP2Stg.param
69,ProcessingProfileDetails,StgErProcessingProfileDetails,DailyExtractERecruitDTP2Stg.param
73,Industries,StgErIndustries,DailyExtractERecruitDTP2Stg.param
74,ObjectIndustries,StgErObjectIndustries,DailyExtractERecruitDTP2Stg.param
75,Currencies,StgErCurrencies,DailyExtractERecruitDTP2Stg.param
79,CloseReasons,StgErCloseReasons,DailyExtractERecruitDTP2Stg.param
81,Rate,StgErRate,DailyExtractERecruitDTP2Stg.param
83,ObjectTransactions,StgErObjectTransactions,DailyExtractERecruitDTP2Stg.param
85,RateDefinition,StgErRateDefinition,DailyExtractERecruitDTP2Stg.param
