Seq,StgTbl,OdsTbl,OdsTblInserts,OdstblUpdates,pOdsNaturalKey,pOdsSurrogateKey,pStgNaturalKey,parameterFileName
1,StgErAboutTypes,OdsErAboutTypes,OdsErAboutTypes,OdsErAboutTypes,AboutTypeID,DWRowID,AboutTypeID,
2,StgErAdditionalOwners,OdsErAdditionalOwners,OdsErAdditionalOwners,OdsErAdditionalOwners,RecordID,DWRowID,RecordID,
3,StgErAddresses,OdsErAddresses,OdsErAddresses,OdsErAddresses,AddressID,DWRowID,AddressID,
4,StgErAddressReferences,OdsErAddressReferences,OdsErAddressReferences,OdsErAddressReferences,RecordID,DWRowID,RecordID,
5,StgErCandidate,OdsErCandidate,OdsErCandidate,OdsErCandidate,CANDIDATE_ID,DWRowID,CANDIDATE_ID,
6,StgErCandidate_Status,OdsErCandidate_Status,OdsErCandidate_Status,OdsErCandidate_Status,STATUS_ID,DWRowID,STATUS_ID,
7,StgErCandidateTerminationReasons,OdsErCandidateTerminationReasons,OdsErCandidateTerminationReasons,OdsErCandidateTerminationReasons,CandidateTerminationReasonID,DWRowID,CandidateTerminationReasonID,
8,StgErClientProjects,OdsErClientProjects,OdsErClientProjects,OdsErClientProjects,ProjectID,DWRowID,ProjectID,
9,StgErCommunications,OdsErCommunications,OdsErCommunications,OdsErCommunications,CommunicationID,DWRowID,CommunicationID,
10,StgErCommunicationTypes,OdsErCommunicationTypes,OdsErCommunicationTypes,OdsErCommunicationTypes,CommunicationTypeID,DWRowID,CommunicationTypeID,
11,StgErCompany,OdsErCompany,OdsErCompany,OdsErCompany,COMPANY_ID,DWRowID,COMPANY_ID,
12,StgErCompanyDepartments,OdsErCompanyDepartments,OdsErCompanyDepartments,OdsErCompanyDepartments,CompanyDepartmentID,DWRowID,CompanyDepartmentID,
13,StgErCompanyStatus,OdsErCompanyStatus,OdsErCompanyStatus,OdsErCompanyStatus,StatusID,DWRowID,StatusID,
14,StgErCompanyType,OdsErCompanyType,OdsErCompanyType,OdsErCompanyType,CompanyTypeID,DWRowID,CompanyTypeID,
15,StgErContact,OdsErContact,OdsErContact,OdsErContact,CONTACT_ID,DWRowID,CONTACT_ID,
16,StgErContact_Hr_Type,OdsErContact_Hr_Type,OdsErContact_Hr_Type,OdsErContact_Hr_Type,HR_TYPE_ID,DWRowID,HR_TYPE_ID,
17,StgErContractMatchPayTypes,OdsErContractMatchPayTypes,OdsErContractMatchPayTypes,OdsErContractMatchPayTypes,TypeID,DWRowID,TypeID,
18,StgErCountries,OdsErCountries,OdsErCountries,OdsErCountries,CountryID,DWRowID,CountryID,
19,StgErCustomFieldEnumValues,OdsErCustomFieldEnumValues,OdsErCustomFieldEnumValues,OdsErCustomFieldEnumValues,RecordID,DWRowID,RecordID,
20,StgErCustomFields,OdsErCustomFields,OdsErCustomFields,OdsErCustomFields,FieldID,DWRowID,FieldID,
21,StgErCustomFieldValues,OdsErCustomFieldValues,OdsErCustomFieldValues,OdsErCustomFieldValues,ValueID,DWRowID,ValueID,
22,StgErDepartmentRoles,OdsErDepartmentRoles,OdsErDepartmentRoles,OdsErDepartmentRoles,RoleID,DWRowID,RoleID,
23,StgErDepartments,OdsErDepartments,OdsErDepartments,OdsErDepartments,DepartmentID,DWRowID,DepartmentID,
24,StgErEntities,OdsErEntities,OdsErEntities,OdsErEntities,EntityID,DWRowID,EntityID,
25,StgErEntityTypes,OdsErEntityTypes,OdsErEntityTypes,OdsErEntityTypes,TypeID,DWRowID,TypeID,
26,StgErEthnicities,OdsErEthnicities,OdsErEthnicities,OdsErEthnicities,CategoryID,DWRowID,CategoryID,
27,StgErFolder_Group_Cat,OdsErFolder_Group_Cat,OdsErFolder_Group_Cat,OdsErFolder_Group_Cat,FG_CAT_ID,DWRowID,FG_CAT_ID,
28,StgErFolder_Groups,OdsErFolder_Groups,OdsErFolder_Groups,OdsErFolder_Groups,FOLDER_GROUP_ID,DWRowID,FOLDER_GROUP_ID,
29,StgErHr_Representative,OdsErHr_Representative,OdsErHr_Representative,OdsErHr_Representative,HR_REP_ID,DWRowID,HR_REP_ID,
30,StgErInd_Dept,OdsErInd_Dept,OdsErInd_Dept,OdsErInd_Dept,DEPT_ID,DWRowID,DEPT_ID,
31,StgErMatch,OdsErMatch,OdsErMatch,OdsErMatch,MATCH_ID,DWRowID,MATCH_ID,
32,StgErMatch_Type,OdsErMatch_Type,OdsErMatch_Type,OdsErMatch_Type,TYPE_ID,DWRowID,TYPE_ID,
33,StgErMatchEndReasons,OdsErMatchEndReasons,OdsErMatchEndReasons,OdsErMatchEndReasons,MatchEndReasonID,DWRowID,MatchEndReasonID,
34,StgErNewNotes,OdsErNewNotes,OdsErNewNotes,OdsErNewNotes,NoteID,DWRowID,NoteID,
35,StgErNoteActions,OdsErNoteActions,OdsErNoteActions,OdsErNoteActions,ActionID,DWRowID,ActionID,
36,StgErNoteReferences,OdsErNoteReferences,OdsErNoteReferences,OdsErNoteReferences,RecordID,DWRowID,RecordID,
37,StgErObjectFolderGroups,OdsErObjectFolderGroups,OdsErObjectFolderGroups,OdsErObjectFolderGroups,RecordID,DWRowID,RecordID,
38,StgErObjectRelationships,OdsErObjectRelationships,OdsErObjectRelationships,OdsErObjectRelationships,RelationshipID,DWRowID,RelationshipID,
39,StgErObjectRelationshipTypes,OdsErObjectRelationshipTypes,OdsErObjectRelationshipTypes,OdsErObjectRelationshipTypes,TypeID,DWRowID,TypeID,
40,StgErObjectRequirements,OdsErObjectRequirements,OdsErObjectRequirements,OdsErObjectRequirements,RecordID,DWRowID,RecordID,
41,StgErObjectStatusTransitions,OdsErObjectStatusTransitions,OdsErObjectStatusTransitions,OdsErObjectStatusTransitions,TransitionID,DWRowID,TransitionID,
42,StgErPending_Desc,OdsErPending_Desc,OdsErPending_Desc,OdsErPending_Desc,PENDING_STATUS,DWRowID,PENDING_STATUS,
43,StgErPosition,OdsErPosition,OdsErPosition,OdsErPosition,POSITION_ID,DWRowID,POSITION_ID,
44,StgErPosition_Status,OdsErPosition_Status,OdsErPosition_Status,OdsErPosition_Status,STATUS_ID,DWRowID,STATUS_ID,
46,StgErRateGroup,OdsErRateGroup,OdsErRateGroup,OdsErRateGroup,GroupID,DWRowID,GroupID,
47,StgErRecruiterDepartments,OdsErRecruiterDepartments,OdsErRecruiterDepartments,OdsErRecruiterDepartments,RecordID,DWRowID,RecordID,
48,StgErRecruiterRolesInDepartment,OdsErRecruiterRolesInDepartment,OdsErRecruiterRolesInDepartment,OdsErRecruiterRolesInDepartment,RecordID,DWRowID,RecordID,
49,StgErRequirementPriorities,OdsErRequirementPriorities,OdsErRequirementPriorities,OdsErRequirementPriorities,PriorityID,DWRowID,PriorityID,
50,StgErRequirementRejectionReasons,OdsErRequirementRejectionReasons,OdsErRequirementRejectionReasons,OdsErRequirementRejectionReasons,ReasonID,DWRowID,ReasonID,
51,StgErRequirements,OdsErRequirements,OdsErRequirements,OdsErRequirements,RequirementID,DWRowID,RequirementID,
52,StgErRequirementStatusDefinitions,OdsErRequirementStatusDefinitions,OdsErRequirementStatusDefinitions,OdsErRequirementStatusDefinitions,StatusID,DWRowID,StatusID,
53,StgErRequirementTemplates,OdsErRequirementTemplates,OdsErRequirementTemplates,OdsErRequirementTemplates,TemplateID,DWRowID,TemplateID,
54,StgErRequirementTypes,OdsErRequirementTypes,OdsErRequirementTypes,OdsErRequirementTypes,TypeID,DWRowID,TypeID,
55,StgErRole_Type,OdsErRole_Type,OdsErRole_Type,OdsErRole_Type,ID,DWRowID,ID,
56,StgErSharedPositions,OdsErSharedPositions,OdsErSharedPositions,OdsErSharedPositions,RecordID,DWRowID,RecordID,
57,StgErStates,OdsErStates,OdsErStates,OdsErStates,StateID,DWRowID,StateID,
58,StgErTimesheetField,OdsErTimesheetField,OdsErTimesheetField,OdsErTimesheetField,TimesheetFieldID,DWRowID,TimesheetFieldID,
59,StgErTimesheetFieldDefinition,OdsErTimesheetFieldDefinition,OdsErTimesheetFieldDefinition,OdsErTimesheetFieldDefinition,TimesheetFieldDefinitionID,DWRowID,TimesheetFieldDefinitionID,
60,StgErTimesheetFieldValue,OdsErTimesheetFieldValue,OdsErTimesheetFieldValue,OdsErTimesheetFieldValue,TimesheetFieldValueID,DWRowID,TimesheetFieldValueID,
61,StgErTimesheetTrc,OdsErTimesheetTrc,OdsErTimesheetTrc,OdsErTimesheetTrc,TRCID,DWRowID,TRCID,
62,StgErVendors,OdsErVendors,OdsErVendors,OdsErVendors,VendorID,DWRowID,VendorID,
63,StgErJobCodes,OdsErJobCodes,OdsErJobCodes,OdsErJobCodes,CodeID,DWRowID,CodeID,
64,StgErDepartmentLevels,OdsErDepartmentLevels,OdsErDepartmentLevels,OdsErDepartmentLevels,RecordID,DWRowID,RecordID,
65,StgErVeteranStatus,OdsErVeteranStatus,OdsErVeteranStatus,OdsErVeteranStatus,StatusId,DWRowID,StatusId,
67,StgErWorksites,OdsErWorksites,OdsErWorksites,OdsErWorksites,WorksiteId,DWRowID,WorksiteId,
69,StgErProcessingProfiles,OdsErProcessingProfiles,OdsErProcessingProfiles,OdsErProcessingProfiles,ProcessingProfileId,DWRowID,ProcessingProfileId,
70,StgErProcessingProfileDetails,OdsErProcessingProfileDetails,OdsErProcessingProfileDetails,OdsErProcessingProfileDetails,ProcessingProfileDetailsId,DWRowID,ProcessingProfileDetailsId,
71,StgErBackOfficeCustomers,OdsErBackOfficeCustomers,OdsErBackOfficeCustomers,OdsErBackOfficeCustomers,BackOfficeCustomerId,DWRowID,BackOfficeCustomerId,
72,StgErPaymentTerms,OdsErPaymentTerms,OdsErPaymentTerms,OdsErPaymentTerms,TermsID,DWRowID,TermsID,
73,StgErIndustries,OdsErIndustries,OdsErIndustries,OdsErIndustries,IndustryID,DWRowID,IndustryID,
74,StgErObjectIndustries,OdsErObjectIndustries,OdsErObjectIndustries,OdsErObjectIndustries,RecordID,DWRowID,RecordID,
75,StgErCurrencies,OdsErCurrencies,OdsErCurrencies,OdsErCurrencies,CurrencyId,DWRowID,CurrencyId,
76,StgErEnableDisableReasons,OdsErEnableDisableReasons,OdsErEnableDisableReasons,OdsErEnableDisableReasons,ReasonId,DWRowID,ReasonId,
77,StgErEntityFederalIds,OdsErEntityFederalIds,OdsErEntityFederalIds,OdsErEntityFederalIds,FederalID,DWRowID,FederalID,
78,StgErFolderGroupJobCodes,OdsErFolderGroupJobCodes,OdsErFolderGroupJobCodes,OdsErFolderGroupJobCodes,FolderGroupId,DWRowID,FolderGroupId,
79,StgErCloseReasons,OdsErCloseReasons,OdsErCloseReasons,OdsErCloseReasons,Status_Id,DWRowID,Status_Id,
80,StgErDurationUnit,OdsErDurationUnit,OdsErDurationUnit,OdsErDurationUnit,ID,DWRowID,ID,
81,StgErRate,OdsErRate,OdsErRate,OdsErRate,RateID,DWRowID,RateID,
82,StgErExpenseCalculationType,OdsErExpenseCalculationType,OdsErExpenseCalculationType,OdsErExpenseCalculationType,ExpenseCalculationTypeID,DWRowID,ExpenseCalculationTypeID,
83,StgErObjectTransactions,OdsErObjectTransactions,OdsErObjectTransactions,OdsErObjectTransactions,ObjectTransactionID,DWRowID,ObjectTransactionID,
84,StgErMatch_Trans_Desc,OdsErMatch_Trans_Desc,OdsErMatch_Trans_Desc,OdsErMatch_Trans_Desc,TYPE_ID,DWRowID,TYPE_ID,
85,StgErRateDefinition,OdsErRateDefinition,OdsErRateDefinition,OdsErRateDefinition,RateDefinitionID,DWRowID,RateDefinitionID,
86,StgErMatchExpenseTypes,OdsErMatchExpenseTypes,OdsErMatchExpenseTypes,OdsErMatchExpenseTypes,TypeID,DWRowID,TypeID,
87,StgErRangeCalendar,OdsErRangeCalendar,OdsErRangeCalendar,OdsErRangeCalendar,RangeCalendarID,DWRowID,RangeCalendarID,
89,StgErRequirementCustomFields,OdsErRequirementCustomFields,OdsErRequirementCustomFields,OdsErRequirementCustomFields,RequirementId||CustomFieldId,DWRowID,RequirementId||CustomFieldId,
90,StgErIntegrationProviders,OdsErIntegrationProviders,OdsErIntegrationProviders,OdsErIntegrationProviders,IntegrationProviderID,DWRowID,IntegrationProviderID,
91,StgErIntegrationServiceCategories,OdsErIntegrationServiceCategories,OdsErIntegrationServiceCategories,OdsErIntegrationServiceCategories,CategoryId,DWRowID,CategoryId,
92,StgErIntegrationServices,OdsErIntegrationServices,OdsErIntegrationServices,OdsErIntegrationServices,IntegrationServiceID,DWRowID,IntegrationServiceID,
93,StgErIntegrationServiceStatuses,OdsErIntegrationServiceStatuses,OdsErIntegrationServiceStatuses,OdsErIntegrationServiceStatuses,StatusId,DWRowID,StatusId,
94,StgErIntegrationServiceSubTypes,OdsErIntegrationServiceSubTypes,OdsErIntegrationServiceSubTypes,OdsErIntegrationServiceSubTypes,IntegrationServiceSubTypeID,DWRowID,IntegrationServiceSubTypeID,
95,StgErObjectRequirementInitiatedServices,OdsErObjectRequirementInitiatedServices,OdsErObjectRequirementInitiatedServices,OdsErObjectRequirementInitiatedServices,Id,DWRowID,Id,
