Seq,GenerateIndicator,StgTbl,OdsTbl,OdsTblInserts,OdstblUpdates,pOdsNaturalKey,parameterFileName
1,Y,StgErAboutTypes,OdsErAboutTypes,OdsErAboutTypes,OdsErAboutTypes,AboutTypeID,
2,Y,StgErAdditionalOwners,OdsErAdditionalOwners,OdsErAdditionalOwners,OdsErAdditionalOwners,RecordID,
3,Y,StgErAdditionalOwnerTypes,OdsErAdditionalOwnerTypes,OdsErAdditionalOwnerTypes,OdsErAdditionalOwnerTypes,OwnerTypeID,
4,Y,StgErAddresses,OdsErAddresses,OdsErAddresses,OdsErAddresses,AddressID,
5,Y,StgErAddressReferences,OdsErAddressReferences,OdsErAddressReferences,OdsErAddressReferences,RecordID,
6,Y,StgErBackOfficeCustomers,OdsErBackOfficeCustomers,OdsErBackOfficeCustomers,OdsErBackOfficeCustomers,BackOfficeCustomerId,
7,Y,StgErCandidate,OdsErCandidate,OdsErCandidate,OdsErCandidate,CANDIDATE_ID,
8,Y,StgErCandidate_Status,OdsErCandidate_Status,OdsErCandidate_Status,OdsErCandidate_Status,STATUS_ID,
9,Y,StgErCandidateTerminationReasons,OdsErCandidateTerminationReasons,OdsErCandidateTerminationReasons,OdsErCandidateTerminationReasons,CandidateTerminationReasonID,
10,Y,StgErClientProjects,OdsErClientProjects,OdsErClientProjects,OdsErClientProjects,ProjectID,
11,Y,StgErCloseReasons,OdsErCloseReasons,OdsErCloseReasons,OdsErCloseReasons,Status_Id,
12,Y,StgErCommunications,OdsErCommunications,OdsErCommunications,OdsErCommunications,CommunicationID,
13,Y,StgErCommunicationTypes,OdsErCommunicationTypes,OdsErCommunicationTypes,OdsErCommunicationTypes,CommunicationTypeID,
14,Y,StgErCompany,OdsErCompany,OdsErCompany,OdsErCompany,COMPANY_ID,
15,Y,StgErCompanyDepartments,OdsErCompanyDepartments,OdsErCompanyDepartments,OdsErCompanyDepartments,CompanyDepartmentID,
16,Y,StgErCompanyStatus,OdsErCompanyStatus,OdsErCompanyStatus,OdsErCompanyStatus,StatusID,
17,Y,StgErCompanyType,OdsErCompanyType,OdsErCompanyType,OdsErCompanyType,CompanyTypeID,
18,Y,StgErContact,OdsErContact,OdsErContact,OdsErContact,CONTACT_ID,
19,Y,StgErContact_Hr_Type,OdsErContact_Hr_Type,OdsErContact_Hr_Type,OdsErContact_Hr_Type,HR_TYPE_ID,
20,Y,StgErContractMatchPayTypes,OdsErContractMatchPayTypes,OdsErContractMatchPayTypes,OdsErContractMatchPayTypes,TypeID,
21,Y,StgErCountries,OdsErCountries,OdsErCountries,OdsErCountries,CountryID,
22,Y,StgErCurrencies,OdsErCurrencies,OdsErCurrencies,OdsErCurrencies,CurrencyId,
23,Y,StgErCustomFieldEnumValues,OdsErCustomFieldEnumValues,OdsErCustomFieldEnumValues,OdsErCustomFieldEnumValues,RecordID,
24,Y,StgErCustomFields,OdsErCustomFields,OdsErCustomFields,OdsErCustomFields,FieldID,
25,Y,StgErCustomFieldValues,OdsErCustomFieldValues,OdsErCustomFieldValues,OdsErCustomFieldValues,ValueID,
26,Y,StgErDepartmentLevels,OdsErDepartmentLevels,OdsErDepartmentLevels,OdsErDepartmentLevels,RecordID,
27,Y,StgErDepartmentRoles,OdsErDepartmentRoles,OdsErDepartmentRoles,OdsErDepartmentRoles,RoleID,
28,Y,StgErDepartments,OdsErDepartments,OdsErDepartments,OdsErDepartments,DepartmentID,
29,Y,StgErDurationUnit,OdsErDurationUnit,OdsErDurationUnit,OdsErDurationUnit,ID,
30,Y,StgErDynamicLocaleResourceEntries,OdsErDynamicLocaleResourceEntries,OdsErDynamicLocaleResourceEntries,OdsErDynamicLocaleResourceEntries,DynamicLocaleResourceEntriesID,
31,Y,StgErEnableDisableReasons,OdsErEnableDisableReasons,OdsErEnableDisableReasons,OdsErEnableDisableReasons,ReasonId,
32,Y,StgErEntities,OdsErEntities,OdsErEntities,OdsErEntities,EntityID,
33,Y,StgErEntityFederalIds,OdsErEntityFederalIds,OdsErEntityFederalIds,OdsErEntityFederalIds,FederalID,
34,Y,StgErEntityTypes,OdsErEntityTypes,OdsErEntityTypes,OdsErEntityTypes,TypeID,
35,Y,StgErEthnicities,OdsErEthnicities,OdsErEthnicities,OdsErEthnicities,CategoryID,
36,Y,StgErExpenseCalculationType,OdsErExpenseCalculationType,OdsErExpenseCalculationType,OdsErExpenseCalculationType,ExpenseCalculationTypeID,
37,Y,StgErFolder_Group_Cat,OdsErFolder_Group_Cat,OdsErFolder_Group_Cat,OdsErFolder_Group_Cat,FG_CAT_ID,
38,Y,StgErFolder_Groups,OdsErFolder_Groups,OdsErFolder_Groups,OdsErFolder_Groups,FOLDER_GROUP_ID,
39,Y,StgErFolderGroupJobCodes,OdsErFolderGroupJobCodes,OdsErFolderGroupJobCodes,OdsErFolderGroupJobCodes,FolderGroupId,
40,Y,StgErHr_Representative,OdsErHr_Representative,OdsErHr_Representative,OdsErHr_Representative,HR_REP_ID,
41,Y,StgErInd_Dept,OdsErInd_Dept,OdsErInd_Dept,OdsErInd_Dept,DEPT_ID,
42,Y,StgErIndustries,OdsErIndustries,OdsErIndustries,OdsErIndustries,IndustryID,
43,Y,StgErIntegrationProviders,OdsErIntegrationProviders,OdsErIntegrationProviders,OdsErIntegrationProviders,IntegrationProviderID,
44,Y,StgErIntegrationServiceCategories,OdsErIntegrationServiceCategories,OdsErIntegrationServiceCategories,OdsErIntegrationServiceCategories,CategoryId,
45,Y,StgErIntegrationServices,OdsErIntegrationServices,OdsErIntegrationServices,OdsErIntegrationServices,IntegrationServiceID,
46,Y,StgErIntegrationServiceStatuses,OdsErIntegrationServiceStatuses,OdsErIntegrationServiceStatuses,OdsErIntegrationServiceStatuses,StatusId,
47,Y,StgErIntegrationServiceSubTypes,OdsErIntegrationServiceSubTypes,OdsErIntegrationServiceSubTypes,OdsErIntegrationServiceSubTypes,IntegrationServiceSubTypeID,
48,Y,StgErJobCodes,OdsErJobCodes,OdsErJobCodes,OdsErJobCodes,CodeID,
49,Y,StgErMatch,OdsErMatch,OdsErMatch,OdsErMatch,MATCH_ID,
50,Y,StgErMatch_Trans_Desc,OdsErMatch_Trans_Desc,OdsErMatch_Trans_Desc,OdsErMatch_Trans_Desc,TYPE_ID,
51,Y,StgErMatch_Type,OdsErMatch_Type,OdsErMatch_Type,OdsErMatch_Type,TYPE_ID,
52,Y,StgErMatchEndReasons,OdsErMatchEndReasons,OdsErMatchEndReasons,OdsErMatchEndReasons,MatchEndReasonID,
53,Y,StgErMatchExpenseTypes,OdsErMatchExpenseTypes,OdsErMatchExpenseTypes,OdsErMatchExpenseTypes,TypeID,
54,Y,StgErNewNotes,OdsErNewNotes,OdsErNewNotes,OdsErNewNotes,NoteID,
55,Y,StgErNoteActions,OdsErNoteActions,OdsErNoteActions,OdsErNoteActions,ActionID,
56,Y,StgErNoteReferences,OdsErNoteReferences,OdsErNoteReferences,OdsErNoteReferences,RecordID,
57,Y,StgErObjectFolderGroups,OdsErObjectFolderGroups,OdsErObjectFolderGroups,OdsErObjectFolderGroups,RecordID,
58,Y,StgErObjectIndustries,OdsErObjectIndustries,OdsErObjectIndustries,OdsErObjectIndustries,RecordID,
59,Y,StgErObjectRelationships,OdsErObjectRelationships,OdsErObjectRelationships,OdsErObjectRelationships,RelationshipID,
60,Y,StgErObjectRelationshipTypes,OdsErObjectRelationshipTypes,OdsErObjectRelationshipTypes,OdsErObjectRelationshipTypes,TypeID,
61,Y,StgErObjectRequirementInitiatedServices,OdsErObjectRequirementInitiatedServices,OdsErObjectRequirementInitiatedServices,OdsErObjectRequirementInitiatedServices,Id,
62,Y,StgErObjectRequirements,OdsErObjectRequirements,OdsErObjectRequirements,OdsErObjectRequirements,RecordID,
63,Y,StgErObjectStatusTransitions,OdsErObjectStatusTransitions,OdsErObjectStatusTransitions,OdsErObjectStatusTransitions,TransitionID,
64,Y,StgErObjectTransactions,OdsErObjectTransactions,OdsErObjectTransactions,OdsErObjectTransactions,ObjectTransactionID,
65,Y,StgErPaymentTerms,OdsErPaymentTerms,OdsErPaymentTerms,OdsErPaymentTerms,TermsID,
66,Y,StgErPending_Desc,OdsErPending_Desc,OdsErPending_Desc,OdsErPending_Desc,PENDING_STATUS,
67,Y,StgErPosition,OdsErPosition,OdsErPosition,OdsErPosition,POSITION_ID,
68,Y,StgErPosition_Status,OdsErPosition_Status,OdsErPosition_Status,OdsErPosition_Status,STATUS_ID,
69,Y,StgErProcessingProfileDetails,OdsErProcessingProfileDetails,OdsErProcessingProfileDetails,OdsErProcessingProfileDetails,ProcessingProfileDetailsId,
70,Y,StgErProcessingProfiles,OdsErProcessingProfiles,OdsErProcessingProfiles,OdsErProcessingProfiles,ProcessingProfileId,
71,Y,StgErRangeCalendar,OdsErRangeCalendar,OdsErRangeCalendar,OdsErRangeCalendar,RangeCalendarID,
72,Y,StgErRate,OdsErRate,OdsErRate,OdsErRate,RateID,
73,Y,StgErRateDefinition,OdsErRateDefinition,OdsErRateDefinition,OdsErRateDefinition,RateDefinitionID,
74,Y,StgErRateGroup,OdsErRateGroup,OdsErRateGroup,OdsErRateGroup,GroupID,
75,Y,StgErRecruiterDepartments,OdsErRecruiterDepartments,OdsErRecruiterDepartments,OdsErRecruiterDepartments,RecordID,
76,Y,StgErRecruiterRolesInDepartment,OdsErRecruiterRolesInDepartment,OdsErRecruiterRolesInDepartment,OdsErRecruiterRolesInDepartment,RecordID,
77,N,StgErRequirementCustomFields,OdsErRequirementCustomFields,OdsErRequirementCustomFields,OdsErRequirementCustomFields,RequirementId||CustomFieldId,
78,Y,StgErRequirementPriorities,OdsErRequirementPriorities,OdsErRequirementPriorities,OdsErRequirementPriorities,PriorityID,
79,Y,StgErRequirementRejectionReasons,OdsErRequirementRejectionReasons,OdsErRequirementRejectionReasons,OdsErRequirementRejectionReasons,ReasonID,
80,Y,StgErRequirements,OdsErRequirements,OdsErRequirements,OdsErRequirements,RequirementID,
81,Y,StgErRequirementStatusDefinitions,OdsErRequirementStatusDefinitions,OdsErRequirementStatusDefinitions,OdsErRequirementStatusDefinitions,StatusID,
82,Y,StgErRequirementTemplates,OdsErRequirementTemplates,OdsErRequirementTemplates,OdsErRequirementTemplates,TemplateID,
83,Y,StgErRequirementTypes,OdsErRequirementTypes,OdsErRequirementTypes,OdsErRequirementTypes,TypeID,
84,Y,StgErRole_Type,OdsErRole_Type,OdsErRole_Type,OdsErRole_Type,ID,
85,Y,StgErSharedPositions,OdsErSharedPositions,OdsErSharedPositions,OdsErSharedPositions,RecordID,
86,Y,StgErStates,OdsErStates,OdsErStates,OdsErStates,StateID,
87,Y,StgErTable_BusinessLine_PositionTypeMapping,OdsErTable_BusinessLine_PositionTypeMapping,OdsErTable_BusinessLine_PositionTypeMapping,OdsErTable_BusinessLine_PositionTypeMapping,roleID,
88,Y,StgErTimesheetField,OdsErTimesheetField,OdsErTimesheetField,OdsErTimesheetField,TimesheetFieldID,
89,Y,StgErTimesheetFieldDefinition,OdsErTimesheetFieldDefinition,OdsErTimesheetFieldDefinition,OdsErTimesheetFieldDefinition,TimesheetFieldDefinitionID,
90,Y,StgErTimesheetFieldValue,OdsErTimesheetFieldValue,OdsErTimesheetFieldValue,OdsErTimesheetFieldValue,TimesheetFieldValueID,
91,Y,StgErTimesheetTrc,OdsErTimesheetTrc,OdsErTimesheetTrc,OdsErTimesheetTrc,TRCID,
92,Y,StgErVendors,OdsErVendors,OdsErVendors,OdsErVendors,VendorID,
93,Y,StgErVeteranStatus,OdsErVeteranStatus,OdsErVeteranStatus,OdsErVeteranStatus,StatusId,
94,Y,StgErWorksites,OdsErWorksites,OdsErWorksites,OdsErWorksites,WorksiteId,
95,Y,StgErScheduledItems,OdsErScheduledItems,OdsErScheduledItems,OdsErScheduledItems,ItemID,
96,Y,StgErScheduledItemCategories,OdsErScheduledItemCategories,OdsErScheduledItemCategories,OdsErScheduledItemCategories,CategoryID,
97,Y,StgErScheduledItemStatuses,OdsErScheduledItemStatuses,OdsErScheduledItemStatuses,OdsErScheduledItemStatuses,ScheduledItemStatusID,
98,Y,StgErScheduledItemTypes,OdsErScheduledItemTypes,OdsErScheduledItemTypes,OdsErScheduledItemTypes,TypeID,
99,Y,StgErCntr_Burden_Tax,OdsErCntr_Burden_Tax,OdsErCntr_Burden_Tax,OdsErCntr_Burden_Tax,TAX_ID,
