Seq,pDbConnectionSource,SrcTbl,TgtTbl,parameterFileName
1,TeradataPrdViewsEtl,ACCT_SIZE,LgcyTdAcct_Size,
2,TeradataPrdViewsEtl,ADDR,LgcyTdAddr,
3,TeradataPrdViewsEtl,ADDR_GEN,LgcyTdAddr_Gen,
4,TeradataPrdViewsEtl,AP_SEC_SUPL,LgcyTdAp_Sec_Supl,
5,TeradataPrdViewsEtl,BACK_OFFICE_BUS_LN,LgcyTdBack_Office_Bus_Ln,
6,TeradataPrdViewsEtl,BACK_OFFICE_PAY_BILL,LgcyTdBack_Office_Pay_Bill,
7,TeradataPrdViewsEtl,BACK_OFFICE_SERV_LN,LgcyTdBack_Office_Serv_Ln,
8,TeradataPrdViewsEtl,BRNCH_HIER_EXT,LgcyTdBrnch_Hier_Wrk,
9,TeradataPrdViewsEtl,BUS_LN,LgcyTdBus_Ln,
10,TeradataPrdViewsEtl,CUST_CR_RSN,LgcyTdCust_Cr_Rsn,
11,TeradataPrdViewsEtl,CUST_XREF,LgcyTdCust_Xref,
12,TeradataPrdViewsEtl,EMPL_ADDR,LgcyTdEmpl_Addr,
13,TeradataPrdViewsEtl,EMPL_EXT,LgcyTdEmpl_Ext,
14,TeradataPrdViewsEtl,EMPL_KSN_XREF,LgcyTdEmpl_Ksn_Xref,
15,TeradataPrdViewsEtl,EMPL_XREF,LgcyTdEmpl_Xref,
16,TeradataPrdViewsEtl,INV_BILL_INFO,LgcyTdInv_Bill_Info,
17,TeradataPrdViewsEtl,INV_DTL,LgcyTdInv_Dtl,
18,TeradataPrdViewsEtl,INV_HDR,LgcyTdInv_Hdr,
19,TeradataPrdViewsEtl,INV_PYRL_COMM,LgcyTdInv_Pyrl_Comm,
20,TeradataPrdViewsEtl,INV_PYRL_KEY_XREF,LgcyTdInv_Pyrl_Key_Xref,
21,TeradataPrdViewsEtl,INV_PYRL_STD_CALC,LgcyTdInv_Pyrl_Std_Calc,
22,TeradataPrdViewsEtl,JOB_TITLE,LgcyTdJob_Title,
23,TeradataPrdViewsEtl,JOB_TITLE_FMLY,LgcyTdJob_Title_Fmly,
24,TeradataPrdViewsEtl,ORD,LgcyTdOrd,
25,TeradataPrdViewsEtl,ORD_WRK_ADDR,LgcyTdOrd_Wrk_Addr,
26,TeradataPrdViewsEtl,ORD_XREF,LgcyTdOrd_Xref,
27,TeradataPrdViewsEtl,ORG_UNIT,LgcyTdOrg_Unit,
28,TeradataPrdViewsEtl,ORG_UNIT_XREF,LgcyTdOrg_Unit_Xref,
29,TeradataPrdViewsEtl,PAY_BILL,LgcyTdPay_Bill,
30,TeradataPrdViewsEtl,PYRL_CTR,LgcyTdPyrl_Ctr,
31,TeradataPrdViewsEtl,PYRL_DEDUCT,LgcyTdPyrl_Deduct,
32,TeradataPrdViewsEtl,PYRL_DTL,LgcyTdPyrl_Dtl,
33,TeradataPrdViewsEtl,SEC_SUPL_KSN_XREF,LgcyTdSec_Supl_Ksn_Xref,
34,TeradataPrdViewsEtl,SEC_SUPL_TYPE,LgcyTdSec_Supl_Type,
35,TeradataPrdViewsEtl,SERV,LgcyTdServ,
36,TeradataPrdViewsEtl,SERV_JOB_TITLE_XREF,LgcyTdServ_Job_Title_Xref,
37,TeradataPrdViewsEtl,SERV_LN,LgcyTdServ_Ln,
38,TeradataPrdViewsEtl,TASK_REFER_EXT,LgcyTdTask_Refer_Ext,
39,TeradataPrdViewsEtl,TASK_REFER_KSN_OCPD_XREF,LgcyTdTask_Refer_Ksn_Ocpd_Xref,
