Seq,GenerateIndicator,pSourceConnection,SourceTable,TargetTable,pTargetTableName,parameterFileName
1,Y,OraCdcFn,Ps_Aging_Categ_Tbl,PS_AGING_CATEG_TBL_GL,PS_AGING_CATEG_TBL_GL,
2,Y,OraCdcFn,Ps_Altacct_Tbl,PS_ALTACCT_TBL_GL,PS_ALTACCT_TBL_GL,
4,Y,OraCdcFn,Ps_Bus_Unit_Tbl_Fs,PS_BUS_UNIT_TBL_FS_GL,PS_BUS_UNIT_TBL_FS_GL,
5,Y,OraCdcFn,Ps_Cal_Detp_Tbl,PS_CAL_DETP_TBL_GL,PS_CAL_DETP_TBL_GL,
6,Y,OraCdcFn,Ps_Chartfield1_Tbl,PS_CHARTFIELD1_TBL_GL,PS_CHARTFIELD1_TBL_GL,
7,Y,OraCdcFn,Ps_Currency_Cd_Tbl,PS_CURRENCY_CD_TBL_GL,PS_CURRENCY_CD_TBL_GL,
8,Y,OraCdcFn,Ps_Dept_Tbl,PS_DEPT_TBL_GL,PS_DEPT_TBL_GL,
10,Y,OraCdcFn,Ps_Kc_As_Intfc_Xrf,PS_KC_AS_INTFC_XRF_GL,PS_KC_AS_INTFC_XRF_GL,
11,Y,OraCdcFn,Ps_Kc_Gl_Acct_Tbl,PS_KC_GL_ACCT_TBL_GL,PS_KC_GL_ACCT_TBL_GL,
13,Y,OraCdcFn,Ps_Product_Tbl,PS_PRODUCT_TBL_GL,PS_PRODUCT_TBL_GL,
14,Y,OraCdcFn,Ps_Vendor,PS_VENDOR_GL,PS_VENDOR_GL,
