Seq,GenerateIndicator,pSourceConnection,SourceTable,TargetTable,pTargetTableName,parameterFileName
15,Y,OraCdcHr,Ps_Bus_Unit_Tbl_Hr,PS_BUS_UNIT_TBL_HR_PY,PS_BUS_UNIT_TBL_HR_PY,
16,Y,OraCdcHr,Ps_Chartfield1_Tbl,PS_CHARTFIELD1_TBL_PY,PS_CHARTFIELD1_TBL_PY,
17,Y,OraCdcHr,Ps_Co_Statetax_Tbl,PS_CO_STATETAX_TBL_PY,PS_CO_STATETAX_TBL_PY,
18,Y,OraCdcHr,Ps_Company_Tbl,PS_COMPANY_TBL_PY,PS_COMPANY_TBL_PY,
19,Y,OraCdcHr,Ps_Customer,PS_CUSTOMER_PY,PS_CUSTOMER_PY,
20,Y,OraCdcHr,Ps_Deduction_Class,PS_DEDUCTION_CLASS_PY,PS_DEDUCTION_CLASS_PY,
21,Y,OraCdcHr,Ps_Deduction_Tbl,PS_DEDUCTION_TBL_PY,PS_DEDUCTION_TBL_PY,
22,Y,OraCdcHr,Ps_Dept_Tbl,PS_DEPT_TBL_PY,PS_DEPT_TBL_PY,
23,Y,OraCdcHr,Ps_Earnings_Tbl,PS_EARNINGS_TBL_PY,PS_EARNINGS_TBL_PY,
24,Y,OraCdcHr,Ps_Ern_Program_Def,PS_ERN_PROGRAM_DEF_PY,PS_ERN_PROGRAM_DEF_PY,
25,Y,OraCdcHr,Ps_Ern_Program_Tbl,PS_ERN_PROGRAM_TBL_PY,PS_ERN_PROGRAM_TBL_PY,
26,Y,OraCdcHr,Ps_Fo_Empl_Xref,PS_FO_EMPL_XREF_PY,PS_FO_EMPL_XREF_PY,
27,Y,OraCdcHr,Ps_Gl_Gen_History,PS_GL_GEN_HISTORY_PY,PS_GL_GEN_HISTORY_PY,
28,Y,OraCdcHr,Ps_Holiday_Date,PS_HOLIDAY_DATE_PY,PS_HOLIDAY_DATE_PY,
29,Y,OraCdcHr,Ps_Holiday_Tbl,PS_HOLIDAY_TBL_PY,PS_HOLIDAY_TBL_PY,
32,Y,OraCdcHr,Ps_Job_Family_Tbl,PS_JOB_FAMILY_TBL_PY,PS_JOB_FAMILY_TBL_PY,
33,Y,OraCdcHr,Ps_Jobcode_Tbl,PS_JOBCODE_TBL_PY,PS_JOBCODE_TBL_PY,
34,Y,OraCdcHr,Ps_Kc_Aca_Elig_Tbl,PS_KC_ACA_ELIG_TBL_PY,PS_KC_ACA_ELIG_TBL_PY,
35,Y,OraCdcHr,Ps_Kc_Aca_Stg_Tbl,PS_KC_ACA_STG_TBL_PY,PS_KC_ACA_STG_TBL_PY,
36,Y,OraCdcHr,Ps_Kc_Ee_Intfc_Xrf,PS_KC_EE_INTFC_XRF_PY,PS_KC_EE_INTFC_XRF_PY,
37,Y,OraCdcHr,Ps_Kc_Hov_Enrl_Tbl,PS_KC_HOV_ENRL_TBL_PY,PS_KC_HOV_ENRL_TBL_PY,
38,Y,OraCdcHr,Ps_Kc_Hov_Rpt_Tbl,PS_KC_HOV_RPT_TBL_PY,PS_KC_HOV_RPT_TBL_PY,
39,Y,OraCdcHr,Ps_Kc_Hov_User_Tbl,PS_KC_HOV_USER_TBL_PY,PS_KC_HOV_USER_TBL_PY,
42,Y,OraCdcHr,Ps_Kc_Hr0067_Op,PS_KC_HR0067_OP_PY,PS_KC_HR0067_OP_PY,
43,Y,OraCdcHr,Ps_Kc_Hr0087A_Defn,PS_KC_HR0087A_DEFN_PY,PS_KC_HR0087A_DEFN_PY,
44,Y,OraCdcHr,Ps_Kc_Sb_Exception,PS_KC_SB_EXCEPTION_PY,PS_KC_SB_EXCEPTION_PY,
45,Y,OraCdcHr,Ps_Kc_Sb_Pymnt_Tbl,PS_KC_SB_PYMNT_TBL_PY,PS_KC_SB_PYMNT_TBL_PY,
46,Y,OraCdcHr,Ps_Kc_Unpd_Lv_Tbl,PS_KC_UNPD_LV_TBL_PY,PS_KC_UNPD_LV_TBL_PY,
47,Y,OraCdcHr,Ps_Kc_Us_Hol_Tbl,PS_KC_US_HOL_TBL_PY,PS_KC_US_HOL_TBL_PY,
48,Y,OraCdcHr,Ps_Kc_Usholpay_Def,PS_KC_USHOLPAY_DEF_PY,PS_KC_USHOLPAY_DEF_PY,
49,Y,OraCdcHr,Ps_Kc_Xref_Tbl,PS_KC_XREF_TBL_PY,PS_KC_XREF_TBL_PY,
50,Y,OraCdcHr,Ps_Kceeintfcxrfarc,PS_KCEEINTFCXRFARC_PY,PS_KCEEINTFCXRFARC_PY,
51,Y,OraCdcHr,Ps_Pay_Calendar,PS_PAY_CALENDAR_PY,PS_PAY_CALENDAR_PY,
52,Y,OraCdcHr,Ps_Pay_Check_Dead,PS_PAY_CHECK_DEAD_PY,PS_PAY_CHECK_DEAD_PY,
54,Y,OraCdcHr,Ps_Pay_Deduction,PS_PAY_DEDUCTION_PY,PS_PAY_DEDUCTION_PY,
60,Y,OraCdcHr,Ps_Pay_Tax_Can,PS_PAY_TAX_CAN_PY,PS_PAY_TAX_CAN_PY,
61,Y,OraCdcHr,Ps_Pers_Nid,PS_PERS_NID_PY,PS_PERS_NID_PY,
63,Y,OraCdcHr,Ps_Product_Tbl,PS_PRODUCT_TBL_PY,PS_PRODUCT_TBL_PY,
64,Y,OraCdcHr,Ps_Pygl_Activernmp,PS_PYGL_ACTIVERNMP_PY,PS_PYGL_ACTIVERNMP_PY,
65,Y,OraCdcHr,Ps_Pygl_Activtaxmp,PS_PYGL_ACTIVTAXMP_PY,PS_PYGL_ACTIVTAXMP_PY,
66,Y,OraCdcHr,Ps_St_Oth_Tax_Tbl,PS_ST_OTH_TAX_TBL_PY,PS_ST_OTH_TAX_TBL_PY,
67,Y,OraCdcHr,Ps_Tl_Erncd_Tbl,PS_TL_ERNCD_TBL_PY,PS_TL_ERNCD_TBL_PY,
70,Y,OraCdcHr,Ps_Tl_Trc_Pgm_Tbl,PS_TL_TRC_PGM_TBL_PY,PS_TL_TRC_PGM_TBL_PY,
71,Y,OraCdcHr,Ps_Tl_Trc_Tbl,PS_TL_TRC_TBL_PY,PS_TL_TRC_TBL_PY,
72,Y,OraCdcHr,Ps_Tl_Trcpgele_Tbl,PS_TL_TRCPGELE_TBL_PY,PS_TL_TRCPGELE_TBL_PY,
73,Y,OraCdcHr,Ps_Tl_Val_List_Dtl,PS_TL_VAL_LIST_DTL_PY,PS_TL_VAL_LIST_DTL_PY,
74,Y,OraCdcHr,Ps_Tl_Xref_Tbl,PS_TL_XREF_TBL_PY,PS_TL_XREF_TBL_PY,
75,Y,OraCdcHr,Psmsgcatdefn,PSMSGCATDEFN_PY,PSMSGCATDEFN_PY,
76,Y,OraCdcHr,Psxlatitem,PSXLATITEM_PY,PSXLATITEM_PY,
