Seq,pOraODBCSourceConnection,SrcTbl,TgtTbl,parameterFileName
15,OraCdcHr,Ps_Bus_Unit_Tbl_Hr,PS_BUS_UNIT_TBL_HR_PY,
16,OraCdcHr,Ps_Chartfield1_Tbl,PS_CHARTFIELD1_TBL_PY,
17,OraCdcHr,Ps_Co_Statetax_Tbl,PS_CO_STATETAX_TBL_PY,
18,OraCdcHr,Ps_Company_Tbl,PS_COMPANY_TBL_PY,
19,OraCdcHr,Ps_Customer,PS_CUSTOMER_PY,
20,OraCdcHr,Ps_Deduction_Class,PS_DEDUCTION_CLASS_PY,
21,OraCdcHr,Ps_Deduction_Tbl,PS_DEDUCTION_TBL_PY,
22,OraCdcHr,Ps_Dept_Tbl,PS_DEPT_TBL_PY,
23,OraCdcHr,Ps_Earnings_Tbl,PS_EARNINGS_TBL_PY,
24,OraCdcHr,Ps_Ern_Program_Def,PS_ERN_PROGRAM_DEF_PY,
25,OraCdcHr,Ps_Ern_Program_Tbl,PS_ERN_PROGRAM_TBL_PY,
26,OraCdcHr,Ps_Fo_Empl_Xref,PS_FO_EMPL_XREF_PY,
27,OraCdcHr,Ps_Gl_Gen_History,PS_GL_GEN_HISTORY_PY,
28,OraCdcHr,Ps_Holiday_Date,PS_HOLIDAY_DATE_PY,
29,OraCdcHr,Ps_Holiday_Tbl,PS_HOLIDAY_TBL_PY,
32,OraCdcHr,Ps_Job_Family_Tbl,PS_JOB_FAMILY_TBL_PY,
33,OraCdcHr,Ps_Jobcode_Tbl,PS_JOBCODE_TBL_PY,
34,OraCdcHr,Ps_Kc_Aca_Elig_Tbl,PS_KC_ACA_ELIG_TBL_PY,
35,OraCdcHr,Ps_Kc_Aca_Stg_Tbl,PS_KC_ACA_STG_TBL_PY,
36,OraCdcHr,Ps_Kc_Ee_Intfc_Xrf,PS_KC_EE_INTFC_XRF_PY,
37,OraCdcHr,Ps_Kc_Hov_Enrl_Tbl,PS_KC_HOV_ENRL_TBL_PY,
38,OraCdcHr,Ps_Kc_Hov_Rpt_Tbl,PS_KC_HOV_RPT_TBL_PY,
39,OraCdcHr,Ps_Kc_Hov_User_Tbl,PS_KC_HOV_USER_TBL_PY,
42,OraCdcHr,Ps_Kc_Hr0067_Op,PS_KC_HR0067_OP_PY,
43,OraCdcHr,Ps_Kc_Hr0087A_Defn,PS_KC_HR0087A_DEFN_PY,
44,OraCdcHr,Ps_Kc_Sb_Exception,PS_KC_SB_EXCEPTION_PY,
45,OraCdcHr,Ps_Kc_Sb_Pymnt_Tbl,PS_KC_SB_PYMNT_TBL_PY,
46,OraCdcHr,Ps_Kc_Unpd_Lv_Tbl,PS_KC_UNPD_LV_TBL_PY,
47,OraCdcHr,Ps_Kc_Us_Hol_Tbl,PS_KC_US_HOL_TBL_PY,
48,OraCdcHr,Ps_Kc_Usholpay_Def,PS_KC_USHOLPAY_DEF_PY,
49,OraCdcHr,Ps_Kc_Xref_Tbl,PS_KC_XREF_TBL_PY,
50,OraCdcHr,Ps_Kceeintfcxrfarc,PS_KCEEINTFCXRFARC_PY,
51,OraCdcHr,Ps_Pay_Calendar,PS_PAY_CALENDAR_PY,
52,OraCdcHr,Ps_Pay_Check_Dead,PS_PAY_CHECK_DEAD_PY,
54,OraCdcHr,Ps_Pay_Deduction,PS_PAY_DEDUCTION_PY,
60,OraCdcHr,Ps_Pay_Tax_Can,PS_PAY_TAX_CAN_PY,
61,OraCdcHr,Ps_Pers_Nid,PS_PERS_NID_PY,
63,OraCdcHr,Ps_Product_Tbl,PS_PRODUCT_TBL_PY,
64,OraCdcHr,Ps_Pygl_Activernmp,PS_PYGL_ACTIVERNMP_PY,
65,OraCdcHr,Ps_Pygl_Activtaxmp,PS_PYGL_ACTIVTAXMP_PY,
66,OraCdcHr,Ps_St_Oth_Tax_Tbl,PS_ST_OTH_TAX_TBL_PY,
67,OraCdcHr,Ps_Tl_Erncd_Tbl,PS_TL_ERNCD_TBL_PY,
70,OraCdcHr,Ps_Tl_Trc_Pgm_Tbl,PS_TL_TRC_PGM_TBL_PY,
71,OraCdcHr,Ps_Tl_Trc_Tbl,PS_TL_TRC_TBL_PY,
72,OraCdcHr,Ps_Tl_Trcpgele_Tbl,PS_TL_TRCPGELE_TBL_PY,
73,OraCdcHr,Ps_Tl_Val_List_Dtl,PS_TL_VAL_LIST_DTL_PY,
74,OraCdcHr,Ps_Tl_Xref_Tbl,PS_TL_XREF_TBL_PY,
75,OraCdcHr,Psmsgcatdefn,PSMSGCATDEFN_PY,
76,OraCdcHr,Psxlatitem,PSXLATITEM_PY,
