Seq,SrcStageTbl,TgtSqlDwTbl,pDbConnectionTarget,parameterFileName,pDwSourceSystemCode,pPurgeIndicator,pSourceChangeIndicator,pStageSortColumns,pPKeyAggratorColumns,TgtSqlDwTbl_targetUpdateColumns
1,StgFnPs_Aging_Categ_Tbl,CdcFnPs_Aging_Categ_Tbl,SqlDwEtlXLargeRc,DailyExtractOracleStgFn.param,$$SourceSystemCode,$$PurgeIndicator,DTL__CAPXACTION,SETID=ASC;AGING_ID=ASC;EFFDT=ASC;AGING_CATEGORY=ASC;CDCROWID=ASC;DTL__CAPXTIMESTAMP=ASC;,SETID;AGING_ID;EFFDT;AGING_CATEGORY,SETID;AGING_ID;EFFDT;AGING_CATEGORY
2,StgFnPs_Altacct_Tbl,CdcFnPs_Altacct_Tbl,SqlDwEtlXLargeRc,DailyExtractOracleStgFn.param,$$SourceSystemCode,$$PurgeIndicator,DTL__CAPXACTION,SETID=ASC;ALTACCT=ASC;EFFDT=ASC;CDCROWID=ASC;DTL__CAPXTIMESTAMP=ASC;,SETID;ALTACCT;EFFDT,SETID;ALTACCT;EFFDT
3,StgFnPs_Altacct_Xref,CdcFnPs_Altacct_Xref,SqlDwEtlXLargeRc,DailyExtractOracleStgFn.param,$$SourceSystemCode,$$PurgeIndicator,DTL__CAPXACTION,SETID=ASC;ACCOUNT=ASC;ALTACCT_SETID=ASC;ALTACCT=ASC;CDCROWID=ASC;DTL__CAPXTIMESTAMP=ASC;,SETID;ACCOUNT;ALTACCT_SETID;ALTACCT,SETID;ACCOUNT;ALTACCT_SETID;ALTACCT
4,StgFnPs_Bus_Unit_Tbl_Fs,CdcFnPs_Bus_Unit_Tbl_Fs,SqlDwEtlXLargeRc,DailyExtractOracleStgFn.param,$$SourceSystemCode,$$PurgeIndicator,DTL__CAPXACTION,BUSINESS_UNIT=ASC;CDCROWID=ASC;DTL__CAPXTIMESTAMP=ASC;,BUSINESS_UNIT,BUSINESS_UNIT
5,StgFnPs_Cal_Detp_Tbl,CdcFnPs_Cal_Detp_Tbl,SqlDwEtlXLargeRc,DailyExtractOracleStgFn.param,$$SourceSystemCode,$$PurgeIndicator,DTL__CAPXACTION,SETID=ASC;CALENDAR_ID=ASC;FISCAL_YEAR=ASC;ACCOUNTING_PERIOD=ASC;CDCROWID=ASC;DTL__CAPXTIMESTAMP=ASC;,SETID;CALENDAR_ID;FISCAL_YEAR;ACCOUNTING_PERIOD,SETID;CALENDAR_ID;FISCAL_YEAR;ACCOUNTING_PERIOD
6,StgFnPs_Chartfield1_Tbl,CdcFnPs_Chartfield1_Tbl,SqlDwEtlXLargeRc,DailyExtractOracleStgFn.param,$$SourceSystemCode,$$PurgeIndicator,DTL__CAPXACTION,SETID=ASC;CHARTFIELD1=ASC;EFFDT=ASC;CDCROWID=ASC;DTL__CAPXTIMESTAMP=ASC;,SETID;CHARTFIELD1;EFFDT,SETID;CHARTFIELD1;EFFDT
7,StgFnPs_Currency_Cd_Tbl,CdcFnPs_Currency_Cd_Tbl,SqlDwEtlXLargeRc,DailyExtractOracleStgFn.param,$$SourceSystemCode,$$PurgeIndicator,DTL__CAPXACTION,CURRENCY_CD=ASC;EFFDT=ASC;CDCROWID=ASC;DTL__CAPXTIMESTAMP=ASC;,CURRENCY_CD;EFFDT,CURRENCY_CD;EFFDT
8,StgFnPs_Dept_Tbl,CdcFnPs_Dept_Tbl,SqlDwEtlXLargeRc,DailyExtractOracleStgFn.param,$$SourceSystemCode,$$PurgeIndicator,DTL__CAPXACTION,SETID=ASC;DEPTID=ASC;EFFDT=ASC;CDCROWID=ASC;DTL__CAPXTIMESTAMP=ASC;,SETID;DEPTID;EFFDT,SETID;DEPTID;EFFDT
9,StgFnPs_Gl_Account_Tbl,CdcFnPs_Gl_Account_Tbl,SqlDwEtlXLargeRc,DailyExtractOracleStgFn.param,$$SourceSystemCode,$$PurgeIndicator,DTL__CAPXACTION,SETID=ASC;ACCOUNT=ASC;EFFDT=ASC;CDCROWID=ASC;DTL__CAPXTIMESTAMP=ASC;,SETID;ACCOUNT;EFFDT,SETID;ACCOUNT;EFFDT
10,StgFnPs_Kc_As_Intfc_Xrf,CdcFnPs_Kc_As_Intfc_Xrf,SqlDwEtlXLargeRc,DailyExtractOracleStgFn.param,$$SourceSystemCode,$$PurgeIndicator,DTL__CAPXACTION,ASSIGNMENT_ID=ASC;CDCROWID=ASC;DTL__CAPXTIMESTAMP=ASC;,ASSIGNMENT_ID,ASSIGNMENT_ID
11,StgFnPs_Kc_Gl_Acct_Tbl,CdcFnPs_Kc_Gl_Acct_Tbl,SqlDwEtlXLargeRc,DailyExtractOracleStgFn.param,$$SourceSystemCode,$$PurgeIndicator,DTL__CAPXACTION,SETID=ASC;KC_EXT_SYSTEM=ASC;KC_ACCOUNT=ASC;KC_AFFACCT=ASC;EFFDT=ASC;CDCROWID=ASC;DTL__CAPXTIMESTAMP=ASC;,SETID;KC_EXT_SYSTEM;KC_ACCOUNT;KC_AFFACCT;EFFDT,SETID;KC_EXT_SYSTEM;KC_ACCOUNT;KC_AFFACCT;EFFDT
12,StgFnPs_Ledger,CdcFnPs_Ledger,SqlDwEtlXLargeRc,DailyExtractOracleStgFn.param,$$SourceSystemCode,$$PurgeIndicator,DTL__CAPXACTION,BUSINESS_UNIT=ASC;LEDGER=ASC;ACCOUNT=ASC;ALTACCT=ASC;DEPTID=ASC;OPERATING_UNIT=ASC;PRODUCT=ASC;FUND_CODE=ASC;CLASS_FLD=ASC;PROGRAM_CODE=ASC;BUDGET_REF=ASC;AFFILIATE=ASC;AFFILIATE_INTRA1=ASC;AFFILIATE_INTRA2=ASC;CHARTFIELD1=ASC;PROJECT_ID=ASC;BOOK_CODE=ASC;GL_ADJUST_TYPE=ASC;CURRENCY_CD=ASC;STATISTICS_CODE=ASC;FISCAL_YEAR=ASC;ACCOUNTING_PERIOD=ASC;CDCROWID=ASC;DTL__CAPXTIMESTAMP=ASC;,BUSINESS_UNIT;LEDGER;ACCOUNT;ALTACCT;DEPTID;OPERATING_UNIT;PRODUCT;FUND_CODE;CLASS_FLD;PROGRAM_CODE;BUDGET_REF;AFFILIATE;AFFILIATE_INTRA1;AFFILIATE_INTRA2;CHARTFIELD1;PROJECT_ID;BOOK_CODE;GL_ADJUST_TYPE;CURRENCY_CD;STATISTICS_CODE;FISCAL_YEAR;ACCOUNTING_PERIOD,BUSINESS_UNIT;LEDGER;ACCOUNT;ALTACCT;DEPTID;OPERATING_UNIT;PRODUCT;FUND_CODE;CLASS_FLD;PROGRAM_CODE;BUDGET_REF;AFFILIATE;AFFILIATE_INTRA1;AFFILIATE_INTRA2;CHARTFIELD1;PROJECT_ID;BOOK_CODE;GL_ADJUST_TYPE;CURRENCY_CD;STATISTICS_CODE;FISCAL_YEAR;ACCOUNTING_PERIOD
13,StgFnPs_Product_Tbl,CdcFnPs_Product_Tbl,SqlDwEtlXLargeRc,DailyExtractOracleStgFn.param,$$SourceSystemCode,$$PurgeIndicator,DTL__CAPXACTION,SETID=ASC;PRODUCT=ASC;EFFDT=ASC;CDCROWID=ASC;DTL__CAPXTIMESTAMP=ASC;,SETID;PRODUCT;EFFDT,SETID;PRODUCT;EFFDT
14,StgFnPs_Vendor,CdcFnPs_Vendor,SqlDwEtlXLargeRc,DailyExtractOracleStgFn.param,$$SourceSystemCode,$$PurgeIndicator,DTL__CAPXACTION,SETID=ASC;VENDOR_ID=ASC;CDCROWID=ASC;DTL__CAPXTIMESTAMP=ASC;,SETID;VENDOR_ID,SETID;VENDOR_ID
15,StgHrPs_Bus_Unit_Tbl_Hr,CdcHrPs_Bus_Unit_Tbl_Hr,SqlDwEtlXLargeRc,DailyExtractOracleStgHr.param,$$SourceSystemCode,$$PurgeIndicator,DTL__CAPXACTION,BUSINESS_UNIT=ASC;CDCROWID=ASC;DTL__CAPXTIMESTAMP=ASC;,BUSINESS_UNIT,BUSINESS_UNIT
16,StgHrPs_Chartfield1_Tbl,CdcHrPs_Chartfield1_Tbl,SqlDwEtlXLargeRc,DailyExtractOracleStgHr.param,$$SourceSystemCode,$$PurgeIndicator,DTL__CAPXACTION,EFFDT=ASC;CHARTFIELD1=ASC;SETID=ASC;CDCROWID=ASC;DTL__CAPXTIMESTAMP=ASC;,EFFDT;CHARTFIELD1;SETID,EFFDT;CHARTFIELD1;SETID
17,StgHrPs_Co_Statetax_Tbl,CdcHrPs_Co_Statetax_Tbl,SqlDwEtlXLargeRc,DailyExtractOracleStgHr.param,$$SourceSystemCode,$$PurgeIndicator,DTL__CAPXACTION,COMPANY=ASC;EFFDT=ASC;STATE=ASC;CDCROWID=ASC;DTL__CAPXTIMESTAMP=ASC;,COMPANY;EFFDT;STATE,COMPANY;EFFDT;STATE
18,StgHrPs_Company_Tbl,CdcHrPs_Company_Tbl,SqlDwEtlXLargeRc,DailyExtractOracleStgHr.param,$$SourceSystemCode,$$PurgeIndicator,DTL__CAPXACTION,COMPANY=ASC;EFFDT=ASC;CDCROWID=ASC;DTL__CAPXTIMESTAMP=ASC;,COMPANY;EFFDT,COMPANY;EFFDT
19,StgHrPs_Customer,CdcHrPs_Customer,SqlDwEtlXLargeRc,DailyExtractOracleStgHr.param,$$SourceSystemCode,$$PurgeIndicator,DTL__CAPXACTION,SETID=ASC;CUST_ID=ASC;CDCROWID=ASC;DTL__CAPXTIMESTAMP=ASC;,SETID;CUST_ID,SETID;CUST_ID
20,StgHrPs_Deduction_Class,CdcHrPs_Deduction_Class,SqlDwEtlXLargeRc,DailyExtractOracleStgHr.param,$$SourceSystemCode,$$PurgeIndicator,DTL__CAPXACTION,DED_SLSTX_CLASS=ASC;DED_CLASS=ASC;EFFDT=ASC;DEDCD=ASC;PLAN_TYPE=ASC;CDCROWID=ASC;DTL__CAPXTIMESTAMP=ASC;,DED_SLSTX_CLASS;DED_CLASS;EFFDT;DEDCD;PLAN_TYPE,DED_SLSTX_CLASS;DED_CLASS;EFFDT;DEDCD;PLAN_TYPE
21,StgHrPs_Deduction_Tbl,CdcHrPs_Deduction_Tbl,SqlDwEtlXLargeRc,DailyExtractOracleStgHr.param,$$SourceSystemCode,$$PurgeIndicator,DTL__CAPXACTION,EFFDT=ASC;DEDCD=ASC;PLAN_TYPE=ASC;CDCROWID=ASC;DTL__CAPXTIMESTAMP=ASC;,EFFDT;DEDCD;PLAN_TYPE,EFFDT;DEDCD;PLAN_TYPE
22,StgHrPs_Dept_Tbl,CdcHrPs_Dept_Tbl,SqlDwEtlXLargeRc,DailyExtractOracleStgHr.param,$$SourceSystemCode,$$PurgeIndicator,DTL__CAPXACTION,EFFDT=ASC;DEPTID=ASC;SETID=ASC;CDCROWID=ASC;DTL__CAPXTIMESTAMP=ASC;,EFFDT;DEPTID;SETID,EFFDT;DEPTID;SETID
23,StgHrPs_Earnings_Tbl,CdcHrPs_Earnings_Tbl,SqlDwEtlXLargeRc,DailyExtractOracleStgHr.param,$$SourceSystemCode,$$PurgeIndicator,DTL__CAPXACTION,EFFDT=ASC;ERNCD=ASC;CDCROWID=ASC;DTL__CAPXTIMESTAMP=ASC;,EFFDT;ERNCD,EFFDT;ERNCD
24,StgHrPs_Ern_Program_Def,CdcHrPs_Ern_Program_Def,SqlDwEtlXLargeRc,DailyExtractOracleStgHr.param,$$SourceSystemCode,$$PurgeIndicator,DTL__CAPXACTION,ERNCD=ASC;EFFDT=ASC;ERN_PROGRAM=ASC;CDCROWID=ASC;DTL__CAPXTIMESTAMP=ASC;,ERNCD;EFFDT;ERN_PROGRAM,ERNCD;EFFDT;ERN_PROGRAM
25,StgHrPs_Ern_Program_Tbl,CdcHrPs_Ern_Program_Tbl,SqlDwEtlXLargeRc,DailyExtractOracleStgHr.param,$$SourceSystemCode,$$PurgeIndicator,DTL__CAPXACTION,ERN_PROGRAM=ASC;EFFDT=ASC;CDCROWID=ASC;DTL__CAPXTIMESTAMP=ASC;,ERN_PROGRAM;EFFDT,ERN_PROGRAM;EFFDT
26,StgHrPs_Fo_Empl_Xref,CdcHrPs_Fo_Empl_Xref,SqlDwEtlXLargeRc,DailyExtractOracleStgHr.param,$$SourceSystemCode,$$PurgeIndicator,DTL__CAPXACTION,PBM_ASGN_ID=ASC;CDCROWID=ASC;DTL__CAPXTIMESTAMP=ASC;,PBM_ASGN_ID,PBM_ASGN_ID
27,StgHrPs_Gl_Gen_History,CdcHrPs_Gl_Gen_History,SqlDwEtlXLargeRc,DailyExtractOracleStgHr.param,$$SourceSystemCode,$$PurgeIndicator,DTL__CAPXACTION,RUN_DT=ASC;SEQNUM=ASC;CDCROWID=ASC;DTL__CAPXTIMESTAMP=ASC;,RUN_DT;SEQNUM,RUN_DT;SEQNUM
28,StgHrPs_Holiday_Date,CdcHrPs_Holiday_Date,SqlDwEtlXLargeRc,DailyExtractOracleStgHr.param,$$SourceSystemCode,$$PurgeIndicator,DTL__CAPXACTION,HOLIDAY=ASC;HOLIDAY_SCHEDULE=ASC;CDCROWID=ASC;DTL__CAPXTIMESTAMP=ASC;,HOLIDAY;HOLIDAY_SCHEDULE,HOLIDAY;HOLIDAY_SCHEDULE
29,StgHrPs_Holiday_Tbl,CdcHrPs_Holiday_Tbl,SqlDwEtlXLargeRc,DailyExtractOracleStgHr.param,$$SourceSystemCode,$$PurgeIndicator,DTL__CAPXACTION,HOLIDAY_SCHEDULE=ASC;CDCROWID=ASC;DTL__CAPXTIMESTAMP=ASC;,HOLIDAY_SCHEDULE,HOLIDAY_SCHEDULE
30,StgHrPs_Hr_Acctg_Line,CdcHrPs_Hr_Acctg_Line,SqlDwEtlXLargeRc,DailyExtractOracleStgHr.param,$$SourceSystemCode,$$PurgeIndicator,DTL__CAPXACTION,LINE_NBR=ASC;SEQNUM=ASC;RUN_DT=ASC;CDCROWID=ASC;DTL__CAPXTIMESTAMP=ASC;,LINE_NBR;SEQNUM;RUN_DT,LINE_NBR;SEQNUM;RUN_DT
31,StgHrPs_Job,CdcHrPs_Job,SqlDwEtlXLargeRc,DailyExtractOracleStgHr.param,$$SourceSystemCode,$$PurgeIndicator,DTL__CAPXACTION,EFFSEQ=ASC;EFFDT=ASC;EMPL_RCD=ASC;EMPLID=ASC;CDCROWID=ASC;DTL__CAPXTIMESTAMP=ASC;,EFFSEQ;EFFDT;EMPL_RCD;EMPLID,EFFSEQ;EFFDT;EMPL_RCD;EMPLID
32,StgHrPs_Job_Family_Tbl,CdcHrPs_Job_Family_Tbl,SqlDwEtlXLargeRc,DailyExtractOracleStgHr.param,$$SourceSystemCode,$$PurgeIndicator,DTL__CAPXACTION,EFFDT=ASC;JOB_FAMILY=ASC;CDCROWID=ASC;DTL__CAPXTIMESTAMP=ASC;,EFFDT;JOB_FAMILY,EFFDT;JOB_FAMILY
33,StgHrPs_Jobcode_Tbl,CdcHrPs_Jobcode_Tbl,SqlDwEtlXLargeRc,DailyExtractOracleStgHr.param,$$SourceSystemCode,$$PurgeIndicator,DTL__CAPXACTION,EFFDT=ASC;JOBCODE=ASC;SETID=ASC;CDCROWID=ASC;DTL__CAPXTIMESTAMP=ASC;,EFFDT;JOBCODE;SETID,EFFDT;JOBCODE;SETID
34,StgHrPs_Kc_Aca_Elig_Tbl,CdcHrPs_Kc_Aca_Elig_Tbl,SqlDwEtlXLargeRc,DailyExtractOracleStgHr.param,$$SourceSystemCode,$$PurgeIndicator,DTL__CAPXACTION,EFFSEQ=ASC;EFFDT=ASC;EMPLID=ASC;CDCROWID=ASC;DTL__CAPXTIMESTAMP=ASC;,EFFSEQ;EFFDT;EMPLID,EFFSEQ;EFFDT;EMPLID
35,StgHrPs_Kc_Aca_Stg_Tbl,CdcHrPs_Kc_Aca_Stg_Tbl,SqlDwEtlXLargeRc,DailyExtractOracleStgHr.param,$$SourceSystemCode,$$PurgeIndicator,DTL__CAPXACTION,EFFSEQ=ASC;KC_SRC_ACT_EFFDT=ASC;KC_SRC_ORDER=ASC;CDCROWID=ASC;DTL__CAPXTIMESTAMP=ASC;,EFFSEQ;KC_SRC_ACT_EFFDT;KC_SRC_ORDER,EFFSEQ;KC_SRC_ACT_EFFDT;KC_SRC_ORDER
36,StgHrPs_Kc_Ee_Intfc_Xrf,CdcHrPs_Kc_Ee_Intfc_Xrf,SqlDwEtlXLargeRc,DailyExtractOracleStgHr.param,$$SourceSystemCode,$$PurgeIndicator,DTL__CAPXACTION,EMPLID=ASC;CDCROWID=ASC;DTL__CAPXTIMESTAMP=ASC;,EMPLID,EMPLID
37,StgHrPs_Kc_Hov_Enrl_Tbl,CdcHrPs_Kc_Hov_Enrl_Tbl,SqlDwEtlXLargeRc,DailyExtractOracleStgHr.param,$$SourceSystemCode,$$PurgeIndicator,DTL__CAPXACTION,ALTER_EMPLID=ASC;CDCROWID=ASC;DTL__CAPXTIMESTAMP=ASC;,ALTER_EMPLID,ALTER_EMPLID
38,StgHrPs_Kc_Hov_Rpt_Tbl,CdcHrPs_Kc_Hov_Rpt_Tbl,SqlDwEtlXLargeRc,DailyExtractOracleStgHr.param,$$SourceSystemCode,$$PurgeIndicator,DTL__CAPXACTION,ALTER_EMPLID=ASC;CDCROWID=ASC;DTL__CAPXTIMESTAMP=ASC;,ALTER_EMPLID,ALTER_EMPLID
39,StgHrPs_Kc_Hov_User_Tbl,CdcHrPs_Kc_Hov_User_Tbl,SqlDwEtlXLargeRc,DailyExtractOracleStgHr.param,$$SourceSystemCode,$$PurgeIndicator,DTL__CAPXACTION,ALTER_EMPLID=ASC;CDCROWID=ASC;DTL__CAPXTIMESTAMP=ASC;,ALTER_EMPLID,ALTER_EMPLID
40,StgHrPs_Kc_Hr_Acctg_Lnk,CdcHrPs_Kc_Hr_Acctg_Lnk,SqlDwEtlXLargeRc,DailyExtractOracleStgHr.param,$$SourceSystemCode,$$PurgeIndicator,DTL__CAPXACTION,LINE_NBR=ASC;SEQNUM=ASC;RUN_DT=ASC;CDCROWID=ASC;DTL__CAPXTIMESTAMP=ASC;,LINE_NBR;SEQNUM;RUN_DT,LINE_NBR;SEQNUM;RUN_DT
41,StgHrPs_Kc_Hr0008_Tbl,CdcHrPs_Kc_Hr0008_Tbl,SqlDwEtlXLargeRc,DailyExtractOracleStgHr.param,$$SourceSystemCode,$$PurgeIndicator,DTL__CAPXACTION,HOLIDAY=ASC;EMPL_RCD=ASC;EMPLID=ASC;PROCESS_INSTANCE=ASC;CDCROWID=ASC;DTL__CAPXTIMESTAMP=ASC;,HOLIDAY;EMPL_RCD;EMPLID;PROCESS_INSTANCE,HOLIDAY;EMPL_RCD;EMPLID;PROCESS_INSTANCE
42,StgHrPs_Kc_Hr0067_Op,CdcHrPs_Kc_Hr0067_Op,SqlDwEtlXLargeRc,DailyExtractOracleStgHr.param,$$SourceSystemCode,$$PurgeIndicator,DTL__CAPXACTION,DEPTID=ASC;CUST_ID=ASC;EMPLID=ASC;EMPL_RCD=ASC;ASOFDATE=ASC;CDCROWID=ASC;DTL__CAPXTIMESTAMP=ASC;,DEPTID;CUST_ID;EMPLID;EMPL_RCD;ASOFDATE,DEPTID;CUST_ID;EMPLID;EMPL_RCD;ASOFDATE
43,StgHrPs_Kc_Hr0087A_Defn,CdcHrPs_Kc_Hr0087A_Defn,SqlDwEtlXLargeRc,DailyExtractOracleStgHr.param,$$SourceSystemCode,$$PurgeIndicator,DTL__CAPXACTION,ACTUAL_HOURS=ASC;KC_TIER_XLAT=ASC;KC_EVAL_END_DT=ASC;KC_EVAL_BGN_DT=ASC;KC_SB_SUB_PLAN=ASC;KC_SB_PLAN_TYPE=ASC;YEARCD=ASC;CDCROWID=ASC;DTL__CAPXTIMESTAMP=ASC;,ACTUAL_HOURS;KC_TIER_XLAT;KC_EVAL_END_DT;KC_EVAL_BGN_DT;KC_SB_SUB_PLAN;KC_SB_PLAN_TYPE;YEARCD,ACTUAL_HOURS;KC_TIER_XLAT;KC_EVAL_END_DT;KC_EVAL_BGN_DT;KC_SB_SUB_PLAN;KC_SB_PLAN_TYPE;YEARCD
44,StgHrPs_Kc_Sb_Exception,CdcHrPs_Kc_Sb_Exception,SqlDwEtlXLargeRc,DailyExtractOracleStgHr.param,$$SourceSystemCode,$$PurgeIndicator,DTL__CAPXACTION,EFF_STATUS=ASC;EFFDT=ASC;DEPTID=ASC;CUST_ID=ASC;CDCROWID=ASC;DTL__CAPXTIMESTAMP=ASC;,EFF_STATUS;EFFDT;DEPTID;CUST_ID,EFF_STATUS;EFFDT;DEPTID;CUST_ID
45,StgHrPs_Kc_Sb_Pymnt_Tbl,CdcHrPs_Kc_Sb_Pymnt_Tbl,SqlDwEtlXLargeRc,DailyExtractOracleStgHr.param,$$SourceSystemCode,$$PurgeIndicator,DTL__CAPXACTION,PAY_END_DT=ASC;KC_TIER_XLAT=ASC;KC_SB_SUB_PLAN=ASC;KC_SB_PLAN_TYPE=ASC;EMPL_RCD=ASC;EMPLID=ASC;YEARCD=ASC;CDCROWID=ASC;DTL__CAPXTIMESTAMP=ASC;,PAY_END_DT;KC_TIER_XLAT;KC_SB_SUB_PLAN;KC_SB_PLAN_TYPE;EMPL_RCD;EMPLID;YEARCD,PAY_END_DT;KC_TIER_XLAT;KC_SB_SUB_PLAN;KC_SB_PLAN_TYPE;EMPL_RCD;EMPLID;YEARCD
46,StgHrPs_Kc_Unpd_Lv_Tbl,CdcHrPs_Kc_Unpd_Lv_Tbl,SqlDwEtlXLargeRc,DailyExtractOracleStgHr.param,$$SourceSystemCode,$$PurgeIndicator,DTL__CAPXACTION,KC_ACA_UNPD_LV_CD=ASC;WEEK_END_DT=ASC;EMPLID=ASC;CDCROWID=ASC;DTL__CAPXTIMESTAMP=ASC;,KC_ACA_UNPD_LV_CD;WEEK_END_DT;EMPLID,KC_ACA_UNPD_LV_CD;WEEK_END_DT;EMPLID
47,StgHrPs_Kc_Us_Hol_Tbl,CdcHrPs_Kc_Us_Hol_Tbl,SqlDwEtlXLargeRc,DailyExtractOracleStgHr.param,$$SourceSystemCode,$$PurgeIndicator,DTL__CAPXACTION,HOLIDAY=ASC;KC_HOLIDAY_NAME=ASC;EMPLID=ASC;CDCROWID=ASC;DTL__CAPXTIMESTAMP=ASC;,HOLIDAY;KC_HOLIDAY_NAME;EMPLID,HOLIDAY;KC_HOLIDAY_NAME;EMPLID
48,StgHrPs_Kc_Usholpay_Def,CdcHrPs_Kc_Usholpay_Def,SqlDwEtlXLargeRc,DailyExtractOracleStgHr.param,$$SourceSystemCode,$$PurgeIndicator,DTL__CAPXACTION,HOLIDAY=ASC;KC_HOLIDAY_NAME=ASC;DESCR30=ASC;WEEKS_OF_INSTRUCT=ASC;KC_HOL_PLAN_TYPE=ASC;YEARCD=ASC;CDCROWID=ASC;DTL__CAPXTIMESTAMP=ASC;,HOLIDAY;KC_HOLIDAY_NAME;DESCR30;WEEKS_OF_INSTRUCT;KC_HOL_PLAN_TYPE;YEARCD,HOLIDAY;KC_HOLIDAY_NAME;DESCR30;WEEKS_OF_INSTRUCT;KC_HOL_PLAN_TYPE;YEARCD
49,StgHrPs_Kc_Xref_Tbl,CdcHrPs_Kc_Xref_Tbl,SqlDwEtlXLargeRc,DailyExtractOracleStgHr.param,$$SourceSystemCode,$$PurgeIndicator,DTL__CAPXACTION,EFFDT=ASC;KC_SOURCE_VALUE=ASC;KC_XREF_TYPE=ASC;KC_EXT_SYSTEM=ASC;CDCROWID=ASC;DTL__CAPXTIMESTAMP=ASC;,EFFDT;KC_SOURCE_VALUE;KC_XREF_TYPE;KC_EXT_SYSTEM,EFFDT;KC_SOURCE_VALUE;KC_XREF_TYPE;KC_EXT_SYSTEM
50,StgHrPs_Kceeintfcxrfarc,CdcHrPs_Kceeintfcxrfarc,SqlDwEtlXLargeRc,DailyExtractOracleStgHr.param,$$SourceSystemCode,$$PurgeIndicator,DTL__CAPXACTION,EMPLID=ASC;CDCROWID=ASC;DTL__CAPXTIMESTAMP=ASC;,EMPLID,EMPLID
51,StgHrPs_Pay_Calendar,CdcHrPs_Pay_Calendar,SqlDwEtlXLargeRc,DailyExtractOracleStgHr.param,$$SourceSystemCode,$$PurgeIndicator,DTL__CAPXACTION,COMPANY=ASC;PAY_END_DT=ASC;PAYGROUP=ASC;CDCROWID=ASC;DTL__CAPXTIMESTAMP=ASC;,COMPANY;PAY_END_DT;PAYGROUP,COMPANY;PAY_END_DT;PAYGROUP
52,StgHrPs_Pay_Check,CdcHrPs_Pay_Check,SqlDwEtlXLargeRc,DailyExtractOracleStgHr.param,$$SourceSystemCode,$$PurgeIndicator,DTL__CAPXACTION,COMPANY=ASC;SEPCHK=ASC;LINE_NUM=ASC;PAGE_NUM=ASC;OFF_CYCLE=ASC;PAY_END_DT=ASC;PAYGROUP=ASC;CDCROWID=ASC;DTL__CAPXTIMESTAMP=ASC;,COMPANY;SEPCHK;LINE_NUM;PAGE_NUM;OFF_CYCLE;PAY_END_DT;PAYGROUP,COMPANY;SEPCHK;LINE_NUM;PAGE_NUM;OFF_CYCLE;PAY_END_DT;PAYGROUP
53,StgHrPs_Pay_Check_Dead,CdcHrPs_Pay_Check_Dead,SqlDwEtlXLargeRc,DailyExtractOracleStgHr.param,$$SourceSystemCode,$$PurgeIndicator,DTL__CAPXACTION,FORM_ID=ASC;PAYCHECK_NBR=ASC;DEAD_CHECK_REASON=ASC;CDCROWID=ASC;DTL__CAPXTIMESTAMP=ASC;,FORM_ID;PAYCHECK_NBR;DEAD_CHECK_REASON,FORM_ID;PAYCHECK_NBR;DEAD_CHECK_REASON
54,StgHrPs_Pay_Deduction,CdcHrPs_Pay_Deduction,SqlDwEtlXLargeRc,DailyExtractOracleStgHr.param,$$SourceSystemCode,$$PurgeIndicator,DTL__CAPXACTION,DED_SLSTX_CLASS=ASC;DED_CLASS=ASC;DEDCD=ASC;BENEFIT_PLAN=ASC;PLAN_TYPE=ASC;BENEFIT_RCD_NBR=ASC;SEPCHK=ASC;LINE_NUM=ASC;PAGE_NUM=ASC;OFF_CYCLE=ASC;PAY_END_DT=ASC;PAYGROUP=ASC;COMPANY=ASC;CDCROWID=ASC;DTL__CAPXTIMESTAMP=ASC;,DED_SLSTX_CLASS;DED_CLASS;DEDCD;BENEFIT_PLAN;PLAN_TYPE;BENEFIT_RCD_NBR;SEPCHK;LINE_NUM;PAGE_NUM;OFF_CYCLE;PAY_END_DT;PAYGROUP;COMPANY,DED_SLSTX_CLASS;DED_CLASS;DEDCD;BENEFIT_PLAN;PLAN_TYPE;BENEFIT_RCD_NBR;SEPCHK;LINE_NUM;PAGE_NUM;OFF_CYCLE;PAY_END_DT;PAYGROUP;COMPANY
55,StgHrPs_Pay_Earnings,CdcHrPs_Pay_Earnings,SqlDwEtlXLargeRc,DailyExtractOracleStgHr.param,$$SourceSystemCode,$$PurgeIndicator,DTL__CAPXACTION,COMPANY=ASC;ADDL_NBR=ASC;LINE_NUM=ASC;PAGE_NUM=ASC;OFF_CYCLE=ASC;PAY_END_DT=ASC;PAYGROUP=ASC;CDCROWID=ASC;DTL__CAPXTIMESTAMP=ASC;,COMPANY;ADDL_NBR;LINE_NUM;PAGE_NUM;OFF_CYCLE;PAY_END_DT;PAYGROUP,COMPANY;ADDL_NBR;LINE_NUM;PAGE_NUM;OFF_CYCLE;PAY_END_DT;PAYGROUP
56,StgHrPs_Pay_Na_Ctx_Dist,CdcHrPs_Pay_Na_Ctx_Dist,SqlDwEtlXLargeRc,DailyExtractOracleStgHr.param,$$SourceSystemCode,$$PurgeIndicator,DTL__CAPXACTION,COMPANY=ASC;PAYGROUP=ASC;PAY_END_DT=ASC;OFF_CYCLE=ASC;PAGE_NUM=ASC;LINE_NUM=ASC;SEPCHK=ASC;PROVINCE=ASC;TAX_CLASS_CAN=ASC;PY_LIABEXPFLG=ASC;ACCT_CD=ASC;SEQNO=ASC;CDCROWID=ASC;DTL__CAPXTIMESTAMP=ASC;,COMPANY;PAYGROUP;PAY_END_DT;OFF_CYCLE;PAGE_NUM;LINE_NUM;SEPCHK;PROVINCE;TAX_CLASS_CAN;PY_LIABEXPFLG;ACCT_CD;SEQNO,COMPANY;PAYGROUP;PAY_END_DT;OFF_CYCLE;PAGE_NUM;LINE_NUM;SEPCHK;PROVINCE;TAX_CLASS_CAN;PY_LIABEXPFLG;ACCT_CD;SEQNO
57,StgHrPs_Pay_Na_Tax_Dist,CdcHrPs_Pay_Na_Tax_Dist,SqlDwEtlXLargeRc,DailyExtractOracleStgHr.param,$$SourceSystemCode,$$PurgeIndicator,DTL__CAPXACTION,COMPANY=ASC;PAYGROUP=ASC;PAY_END_DT=ASC;OFF_CYCLE=ASC;PAGE_NUM=ASC;LINE_NUM=ASC;SEPCHK=ASC;STATE=ASC;LOCALITY=ASC;TAX_CLASS=ASC;WORK_PSD_CD=ASC;PY_LIABEXPFLG=ASC;ACCT_CD=ASC;SEQNO=ASC;CDCROWID=ASC;DTL__CAPXTIMESTAMP=ASC;,COMPANY;PAYGROUP;PAY_END_DT;OFF_CYCLE;PAGE_NUM;LINE_NUM;SEPCHK;STATE;LOCALITY;TAX_CLASS;WORK_PSD_CD;PY_LIABEXPFLG;ACCT_CD;SEQNO,COMPANY;PAYGROUP;PAY_END_DT;OFF_CYCLE;PAGE_NUM;LINE_NUM;SEPCHK;STATE;LOCALITY;TAX_CLASS;WORK_PSD_CD;PY_LIABEXPFLG;ACCT_CD;SEQNO
58,StgHrPs_Pay_Oth_Earns,CdcHrPs_Pay_Oth_Earns,SqlDwEtlXLargeRc,DailyExtractOracleStgHr.param,$$SourceSystemCode,$$PurgeIndicator,DTL__CAPXACTION,ERNCD=ASC;ADDL_NBR=ASC;LINE_NUM=ASC;PAGE_NUM=ASC;OFF_CYCLE=ASC;PAY_END_DT=ASC;PAYGROUP=ASC;COMPANY=ASC;CDCROWID=ASC;DTL__CAPXTIMESTAMP=ASC;,ERNCD;ADDL_NBR;LINE_NUM;PAGE_NUM;OFF_CYCLE;PAY_END_DT;PAYGROUP;COMPANY,ERNCD;ADDL_NBR;LINE_NUM;PAGE_NUM;OFF_CYCLE;PAY_END_DT;PAYGROUP;COMPANY
59,StgHrPs_Pay_Tax,CdcHrPs_Pay_Tax,SqlDwEtlXLargeRc,DailyExtractOracleStgHr.param,$$SourceSystemCode,$$PurgeIndicator,DTL__CAPXACTION,COMPANY=ASC;RES_PSD_CD=ASC;WORK_PSD_CD=ASC;TAX_CLASS=ASC;LOCALITY=ASC;STATE=ASC;SEPCHK=ASC;LINE_NUM=ASC;PAGE_NUM=ASC;OFF_CYCLE=ASC;PAY_END_DT=ASC;PAYGROUP=ASC;CDCROWID=ASC;DTL__CAPXTIMESTAMP=ASC;,COMPANY;RES_PSD_CD;WORK_PSD_CD;TAX_CLASS;LOCALITY;STATE;SEPCHK;LINE_NUM;PAGE_NUM;OFF_CYCLE;PAY_END_DT;PAYGROUP,COMPANY;RES_PSD_CD;WORK_PSD_CD;TAX_CLASS;LOCALITY;STATE;SEPCHK;LINE_NUM;PAGE_NUM;OFF_CYCLE;PAY_END_DT;PAYGROUP
60,StgHrPs_Pay_Tax_Can,CdcHrPs_Pay_Tax_Can,SqlDwEtlXLargeRc,DailyExtractOracleStgHr.param,$$SourceSystemCode,$$PurgeIndicator,DTL__CAPXACTION,TAX_CLASS_CAN=ASC;PROVINCE=ASC;SEPCHK=ASC;LINE_NUM=ASC;PAGE_NUM=ASC;OFF_CYCLE=ASC;PAY_END_DT=ASC;PAYGROUP=ASC;COMPANY=ASC;CDCROWID=ASC;DTL__CAPXTIMESTAMP=ASC;,TAX_CLASS_CAN;PROVINCE;SEPCHK;LINE_NUM;PAGE_NUM;OFF_CYCLE;PAY_END_DT;PAYGROUP;COMPANY,TAX_CLASS_CAN;PROVINCE;SEPCHK;LINE_NUM;PAGE_NUM;OFF_CYCLE;PAY_END_DT;PAYGROUP;COMPANY
61,StgHrPs_Pers_Nid,CdcHrPs_Pers_Nid,SqlDwEtlXLargeRc,DailyExtractOracleStgHr.param,$$SourceSystemCode,$$PurgeIndicator,DTL__CAPXACTION,NATIONAL_ID_TYPE=ASC;COUNTRY=ASC;EMPLID=ASC;CDCROWID=ASC;DTL__CAPXTIMESTAMP=ASC;,NATIONAL_ID_TYPE;COUNTRY;EMPLID,NATIONAL_ID_TYPE;COUNTRY;EMPLID
62,StgHrPs_Personal_Data,CdcHrPs_Personal_Data,SqlDwEtlXLargeRc,DailyExtractOracleStgHr.param,$$SourceSystemCode,$$PurgeIndicator,DTL__CAPXACTION,EMPLID=ASC;CDCROWID=ASC;DTL__CAPXTIMESTAMP=ASC;,EMPLID,EMPLID
63,StgHrPs_Product_Tbl,CdcHrPs_Product_Tbl,SqlDwEtlXLargeRc,DailyExtractOracleStgHr.param,$$SourceSystemCode,$$PurgeIndicator,DTL__CAPXACTION,EFFDT=ASC;PRODUCT=ASC;SETID=ASC;CDCROWID=ASC;DTL__CAPXTIMESTAMP=ASC;,EFFDT;PRODUCT;SETID,EFFDT;PRODUCT;SETID
64,StgHrPs_Pygl_Activernmp,CdcHrPs_Pygl_Activernmp,SqlDwEtlXLargeRc,DailyExtractOracleStgHr.param,$$SourceSystemCode,$$PurgeIndicator,DTL__CAPXACTION,COMPANY=ASC;PYGL_GROUPNAME=ASC;EFFDT=ASC;ERNCD=ASC;CDCROWID=ASC;DTL__CAPXTIMESTAMP=ASC;,COMPANY;PYGL_GROUPNAME;EFFDT;ERNCD,COMPANY;PYGL_GROUPNAME;EFFDT;ERNCD
65,StgHrPs_Pygl_Activtaxmp,CdcHrPs_Pygl_Activtaxmp,SqlDwEtlXLargeRc,DailyExtractOracleStgHr.param,$$SourceSystemCode,$$PurgeIndicator,DTL__CAPXACTION,COMPANY=ASC;PYGL_GROUPNAME=ASC;EFFDT=ASC;PYGL_TAX_COUNTRY=ASC;STATE=ASC;LOCALITY=ASC;WAGE_LOSS_PLAN=ASC;PYGL_TAX_CLASS=ASC;CDCROWID=ASC;DTL__CAPXTIMESTAMP=ASC;,COMPANY;PYGL_GROUPNAME;EFFDT;PYGL_TAX_COUNTRY;STATE;LOCALITY;WAGE_LOSS_PLAN;PYGL_TAX_CLASS,COMPANY;PYGL_GROUPNAME;EFFDT;PYGL_TAX_COUNTRY;STATE;LOCALITY;WAGE_LOSS_PLAN;PYGL_TAX_CLASS
66,StgHrPs_St_Oth_Tax_Tbl,CdcHrPs_St_Oth_Tax_Tbl,SqlDwEtlXLargeRc,DailyExtractOracleStgHr.param,$$SourceSystemCode,$$PurgeIndicator,DTL__CAPXACTION,TAX_CLASS=ASC;EFFDT=ASC;STATE=ASC;CDCROWID=ASC;DTL__CAPXTIMESTAMP=ASC;,TAX_CLASS;EFFDT;STATE,TAX_CLASS;EFFDT;STATE
67,StgHrPs_Tl_Erncd_Tbl,CdcHrPs_Tl_Erncd_Tbl,SqlDwEtlXLargeRc,DailyExtractOracleStgHr.param,$$SourceSystemCode,$$PurgeIndicator,DTL__CAPXACTION,PAY_SYSTEM=ASC;EFFDT=ASC;TRC=ASC;CDCROWID=ASC;DTL__CAPXTIMESTAMP=ASC;,PAY_SYSTEM;EFFDT;TRC,PAY_SYSTEM;EFFDT;TRC
68,StgHrPs_Tl_Payable_Time,CdcHrPs_Tl_Payable_Time,SqlDwEtlXLargeRc,DailyExtractOracleStgHr.param,$$SourceSystemCode,$$PurgeIndicator,DTL__CAPXACTION,EMPLID=ASC;SEQ_NBR=ASC;DUR=ASC;EMPL_RCD=ASC;CDCROWID=ASC;DTL__CAPXTIMESTAMP=ASC;,EMPLID;SEQ_NBR;DUR;EMPL_RCD,EMPLID;SEQ_NBR;DUR;EMPL_RCD
69,StgHrPs_Tl_Rptd_Time,CdcHrPs_Tl_Rptd_Time,SqlDwEtlXLargeRc,DailyExtractOracleStgHr.param,$$SourceSystemCode,$$PurgeIndicator,DTL__CAPXACTION,SEQ_NBR=ASC;DUR=ASC;EMPL_RCD=ASC;EMPLID=ASC;CDCROWID=ASC;DTL__CAPXTIMESTAMP=ASC;,SEQ_NBR;DUR;EMPL_RCD;EMPLID,SEQ_NBR;DUR;EMPL_RCD;EMPLID
70,StgHrPs_Tl_Trc_Pgm_Tbl,CdcHrPs_Tl_Trc_Pgm_Tbl,SqlDwEtlXLargeRc,DailyExtractOracleStgHr.param,$$SourceSystemCode,$$PurgeIndicator,DTL__CAPXACTION,TRC_PROGRAM=ASC;EFFDT=ASC;CDCROWID=ASC;DTL__CAPXTIMESTAMP=ASC;,TRC_PROGRAM;EFFDT,TRC_PROGRAM;EFFDT
71,StgHrPs_Tl_Trc_Tbl,CdcHrPs_Tl_Trc_Tbl,SqlDwEtlXLargeRc,DailyExtractOracleStgHr.param,$$SourceSystemCode,$$PurgeIndicator,DTL__CAPXACTION,EFFDT=ASC;TRC=ASC;CDCROWID=ASC;DTL__CAPXTIMESTAMP=ASC;,EFFDT;TRC,EFFDT;TRC
72,StgHrPs_Tl_Trcpgele_Tbl,CdcHrPs_Tl_Trcpgele_Tbl,SqlDwEtlXLargeRc,DailyExtractOracleStgHr.param,$$SourceSystemCode,$$PurgeIndicator,DTL__CAPXACTION,TRC_PROGRAM=ASC;EFFDT=ASC;TRC=ASC;CDCROWID=ASC;DTL__CAPXTIMESTAMP=ASC;,TRC_PROGRAM;EFFDT;TRC,TRC_PROGRAM;EFFDT;TRC
73,StgHrPs_Tl_Val_List_Dtl,CdcHrPs_Tl_Val_List_Dtl,SqlDwEtlXLargeRc,DailyExtractOracleStgHr.param,$$SourceSystemCode,$$PurgeIndicator,DTL__CAPXACTION,VALUEGROUP=ASC;LIST_TYPE=ASC;LIST_ID=ASC;CDCROWID=ASC;DTL__CAPXTIMESTAMP=ASC;,VALUEGROUP;LIST_TYPE;LIST_ID,VALUEGROUP;LIST_TYPE;LIST_ID
74,StgHrPs_Tl_Xref_Tbl,CdcHrPs_Tl_Xref_Tbl,SqlDwEtlXLargeRc,DailyExtractOracleStgHr.param,$$SourceSystemCode,$$PurgeIndicator,DTL__CAPXACTION,XREF_NUM=ASC;SEQ_NBR=ASC;PAY_SYSTEM=ASC;CDCROWID=ASC;DTL__CAPXTIMESTAMP=ASC;,XREF_NUM;SEQ_NBR;PAY_SYSTEM,XREF_NUM;SEQ_NBR;PAY_SYSTEM
75,StgHrPsmsgcatdefn,CdcHrPsmsgcatdefn,SqlDwEtlXLargeRc,DailyExtractOracleStgHr.param,$$SourceSystemCode,$$PurgeIndicator,DTL__CAPXACTION,MESSAGE_NBR=ASC;MESSAGE_SET_NBR=ASC;CDCROWID=ASC;DTL__CAPXTIMESTAMP=ASC;,MESSAGE_NBR;MESSAGE_SET_NBR,MESSAGE_NBR;MESSAGE_SET_NBR
76,StgHrPsxlatitem,CdcHrPsxlatitem,SqlDwEtlXLargeRc,DailyExtractOracleStgHr.param,$$SourceSystemCode,$$PurgeIndicator,DTL__CAPXACTION,FIELDNAME=ASC;FIELDVALUE=ASC;EFFDT=ASC;CDCROWID=ASC;DTL__CAPXTIMESTAMP=ASC;,FIELDNAME;FIELDVALUE;EFFDT,FIELDNAME;FIELDVALUE;EFFDT
