Seq,GenerateIndicator,SourceTable,pSourceTable,SqlDwStageTable,pSrcPrimaryKey,parameterFileName
1,Y,AboutTypes,AboutTypes,StgErAboutTypes,AboutTypeID,DailyExtractErDTP2StgCT.param
2,Y,AdditionalOwners,AdditionalOwners,StgErAdditionalOwners,RecordID,DailyExtractErDTP2StgCT.param
3,Y,Addresses,Addresses,StgErAddresses,AddressID,DailyExtractErDTP2StgCT.param
4,Y,AddressReferences,AddressReferences,StgErAddressReferences,RecordID,DailyExtractErDTP2StgCT.param
5,Y,Candidate,Candidate,StgErCandidate,CANDIDATE_ID,DailyExtractErDTP2StgCT.param
6,Y,Candidate_Status,Candidate_Status,StgErCandidate_Status,STATUS_ID,DailyExtractErDTP2StgCT.param
7,Y,CandidateTerminationReasons,CandidateTerminationReasons,StgErCandidateTerminationReasons,CandidateTerminationReasonID,DailyExtractErDTP2StgCT.param
8,Y,ClientProjects,ClientProjects,StgErClientProjects,ProjectID,DailyExtractErDTP2StgCT.param
9,Y,Communications,Communications,StgErCommunications,CommunicationID,DailyExtractErDTP2StgCT.param
10,Y,CommunicationTypes,CommunicationTypes,StgErCommunicationTypes,CommunicationTypeID,DailyExtractErDTP2StgCT.param
11,Y,Company,Company,StgErCompany,COMPANY_ID,DailyExtractErDTP2StgCT.param
12,Y,CompanyDepartments,CompanyDepartments,StgErCompanyDepartments,CompanyDepartmentID,DailyExtractErDTP2StgCT.param
13,Y,CompanyStatus,CompanyStatus,StgErCompanyStatus,StatusID,DailyExtractErDTP2StgCT.param
14,Y,CompanyType,CompanyType,StgErCompanyType,CompanyTypeID,DailyExtractErDTP2StgCT.param
15,Y,Contact,Contact,StgErContact,CONTACT_ID,DailyExtractErDTP2StgCT.param
16,Y,Contact_Hr_Type,Contact_Hr_Type,StgErContact_Hr_Type,HR_TYPE_ID,DailyExtractErDTP2StgCT.param
17,Y,ContractMatchPayTypes,ContractMatchPayTypes,StgErContractMatchPayTypes,TypeID,DailyExtractErDTP2StgCT.param
18,Y,Countries,Countries,StgErCountries,CountryID,DailyExtractErDTP2StgCT.param
18,Y,CustomFieldEnumValues,CustomFieldEnumValues,StgErCustomFieldEnumValues,RecordID,DailyExtractErDTP2StgCT.param
20,Y,CustomFields,CustomFields,StgErCustomFields,FieldID,DailyExtractErDTP2StgCT.param
21,Y,CustomFieldValues,CustomFieldValues,StgErCustomFieldValues,ValueID,DailyExtractErDTP2StgCT.param
22,Y,DepartmentRoles,DepartmentRoles,StgErDepartmentRoles,RoleID,DailyExtractErDTP2StgCT.param
23,Y,Departments,Departments,StgErDepartments,DepartmentID,DailyExtractErDTP2StgCT.param
24,Y,Entities,Entities,StgErEntities,EntityID,DailyExtractErDTP2StgCT.param
25,Y,EntityTypes,EntityTypes,StgErEntityTypes,TypeID,DailyExtractErDTP2StgCT.param
26,Y,Ethnicities,Ethnicities,StgErEthnicities,CategoryID,DailyExtractErDTP2StgCT.param
27,Y,Folder_Group_Cat,Folder_Group_Cat,StgErFolder_Group_Cat,FG_CAT_ID,DailyExtractErDTP2StgCT.param
28,Y,Folder_Groups,Folder_Groups,StgErFolder_Groups,FOLDER_GROUP_ID,DailyExtractErDTP2StgCT.param
29,Y,Hr_Representative,Hr_Representative,StgErHr_Representative,HR_REP_ID,DailyExtractErDTP2StgCT.param
30,Y,Ind_Dept,Ind_Dept,StgErInd_Dept,DEPT_ID,DailyExtractErDTP2StgCT.param
31,Y,Match,Match,StgErMatch,MATCH_ID,DailyExtractErDTP2StgCT.param
32,Y,Match_Type,Match_Type,StgErMatch_Type,TYPE_ID,DailyExtractErDTP2StgCT.param
33,Y,MatchEndReasons,MatchEndReasons,StgErMatchEndReasons,MatchEndReasonID,DailyExtractErDTP2StgCT.param
34,Y,NewNotes,NewNotes,StgErNewNotes,NoteID,DailyExtractErDTP2StgCT.param
35,Y,NoteActions,NoteActions,StgErNoteActions,ActionID,DailyExtractErDTP2StgCT.param
36,Y,NoteReferences,NoteReferences,StgErNoteReferences,RecordID,DailyExtractErDTP2StgCT.param
37,Y,ObjectFolderGroups,ObjectFolderGroups,StgErObjectFolderGroups,RecordID,DailyExtractErDTP2StgCT.param
38,Y,ObjectRelationships,ObjectRelationships,StgErObjectRelationships,RelationshipID,DailyExtractErDTP2StgCT.param
39,Y,ObjectRelationshipTypes,ObjectRelationshipTypes,StgErObjectRelationshipTypes,TypeID,DailyExtractErDTP2StgCT.param
40,Y,ObjectRequirements,ObjectRequirements,StgErObjectRequirements,RecordID,DailyExtractErDTP2StgCT.param
41,Y,ObjectStatusTransitions,ObjectStatusTransitions,StgErObjectStatusTransitions,TransitionID,DailyExtractErDTP2StgCT.param
42,Y,Pending_Desc,Pending_Desc,StgErPending_Desc,PENDING_STATUS,DailyExtractErDTP2StgCT.param
43,Y,Position,Position,StgErPosition,POSITION_ID,DailyExtractErDTP2StgCT.param
44,Y,Position_Status,Position_Status,StgErPosition_Status,STATUS_ID,DailyExtractErDTP2StgCT.param
45,Y,RateGroup,RateGroup,StgErRateGroup,GroupID,DailyExtractErDTP2StgCT.param
46,Y,RecruiterDepartments,RecruiterDepartments,StgErRecruiterDepartments,RecordID,DailyExtractErDTP2StgCT.param
47,Y,RecruiterRolesInDepartment,RecruiterRolesInDepartment,StgErRecruiterRolesInDepartment,RecordID,DailyExtractErDTP2StgCT.param
48,Y,RequirementPriorities,RequirementPriorities,StgErRequirementPriorities,PriorityID,DailyExtractErDTP2StgCT.param
49,Y,RequirementRejectionReasons,RequirementRejectionReasons,StgErRequirementRejectionReasons,ReasonID,DailyExtractErDTP2StgCT.param
50,Y,Requirements,Requirements,StgErRequirements,RequirementID,DailyExtractErDTP2StgCT.param
51,Y,RequirementStatusDefinitions,RequirementStatusDefinitions,StgErRequirementStatusDefinitions,StatusID,DailyExtractErDTP2StgCT.param
52,Y,RequirementTemplates,RequirementTemplates,StgErRequirementTemplates,TemplateID,DailyExtractErDTP2StgCT.param
53,Y,RequirementTypes,RequirementTypes,StgErRequirementTypes,TypeID,DailyExtractErDTP2StgCT.param
54,Y,Role_Type,Role_Type,StgErRole_Type,ID,DailyExtractErDTP2StgCT.param
55,Y,SharedPositions,SharedPositions,StgErSharedPositions,RecordID,DailyExtractErDTP2StgCT.param
56,Y,States,States,StgErStates,StateID,DailyExtractErDTP2StgCT.param
57,Y,TimesheetField,TimesheetField,StgErTimesheetField,TimesheetFieldID,DailyExtractErDTP2StgCT.param
58,Y,TimesheetFieldDefinition,TimesheetFieldDefinition,StgErTimesheetFieldDefinition,TimesheetFieldDefinitionID,DailyExtractErDTP2StgCT.param
59,Y,TimesheetFieldValue,TimesheetFieldValue,StgErTimesheetFieldValue,TimesheetFieldValueID,DailyExtractErDTP2StgCT.param
60,Y,TimesheetTrc,TimesheetTrc,StgErTimesheetTrc,TRCID,DailyExtractErDTP2StgCT.param
61,Y,Vendors,Vendors,StgErVendors,VendorID,DailyExtractErDTP2StgCT.param
62,Y,JobCodes,JobCodes,StgErJobCodes,CodeID,DailyExtractErDTP2StgCT.param
63,Y,DepartmentLevels,DepartmentLevels,StgErDepartmentLevels,RecordID,DailyExtractErDTP2StgCT.param
64,Y,VeteranStatus,VeteranStatus,StgErVeteranStatus,StatusId,DailyExtractErDTP2StgCT.param
65,Y,Worksites,Worksites,StgErWorksites,WorksiteId,DailyExtractErDTP2StgCT.param
66,Y,ProcessingProfiles,ProcessingProfiles,StgErProcessingProfiles,ProcessingProfileId,DailyExtractErDTP2StgCT.param
67,Y,ProcessingProfileDetails,ProcessingProfileDetails,StgErProcessingProfileDetails,ProcessingProfileDetailsId,DailyExtractErDTP2StgCT.param
68,Y,BackOfficeCustomers,BackOfficeCustomers,StgErBackOfficeCustomers,BackOfficeCustomerId,DailyExtractErDTP2StgCT.param
69,Y,PaymentTerms,PaymentTerms,StgErPaymentTerms,TermsID,DailyExtractErDTP2StgCT.param
70,Y,Industries,Industries,StgErIndustries,IndustryID,DailyExtractErDTP2StgCT.param
71,Y,ObjectIndustries,ObjectIndustries,StgErObjectIndustries,RecordID,DailyExtractErDTP2StgCT.param
72,Y,Currencies,Currencies,StgErCurrencies,CurrencyId,DailyExtractErDTP2StgCT.param
73,Y,EnableDisableReasons,EnableDisableReasons,StgErEnableDisableReasons,ReasonId,DailyExtractErDTP2StgCT.param
74,Y,EntityFederalIds,EntityFederalIds,StgErEntityFederalIds,FederalID,DailyExtractErDTP2StgCT.param
75,Y,FolderGroupJobCodes,FolderGroupJobCodes,StgErFolderGroupJobCodes,FolderGroupId,DailyExtractErDTP2StgCT.param
76,Y,CloseReasons,CloseReasons,StgErCloseReasons,Status_Id,DailyExtractErDTP2StgCT.param
77,Y,DurationUnit,DurationUnit,StgErDurationUnit,ID,DailyExtractErDTP2StgCT.param
78,Y,Rate,Rate,StgErRate,RateID,DailyExtractErDTP2StgCT.param
79,Y,ExpenseCalculationType,ExpenseCalculationType,StgErExpenseCalculationType,ExpenseCalculationTypeID,DailyExtractErDTP2StgCT.param
80,Y,ObjectTransactions,ObjectTransactions,StgErObjectTransactions,ObjectTransactionID,DailyExtractErDTP2StgCT.param
81,Y,Match_Trans_Desc,Match_Trans_Desc,StgErMatch_Trans_Desc,TYPE_ID,DailyExtractErDTP2StgCT.param
82,Y,RateDefinition,RateDefinition,StgErRateDefinition,RateDefinitionID,DailyExtractErDTP2StgCT.param
83,Y,MatchExpenseTypes,MatchExpenseTypes,StgErMatchExpenseTypes,TypeID,DailyExtractErDTP2StgCT.param
84,Y,RangeCalendar,RangeCalendar,StgErRangeCalendar,RangeCalendarID,DailyExtractErDTP2StgCT.param
85,Y,RequirementCustomFields,RequirementCustomFields,StgErRequirementCustomFields,RequirementId||CustomFieldId,DailyExtractErDTP2StgCT.param
86,Y,IntegrationProviders,IntegrationProviders,StgErIntegrationProviders,IntegrationProviderID,DailyExtractErDTP2StgCT.param
87,Y,IntegrationServiceCategories,IntegrationServiceCategories,StgErIntegrationServiceCategories,CategoryId,DailyExtractErDTP2StgCT.param
88,Y,IntegrationServices,IntegrationServices,StgErIntegrationServices,IntegrationServiceID,DailyExtractErDTP2StgCT.param
89,Y,IntegrationServiceStatuses,IntegrationServiceStatuses,StgErIntegrationServiceStatuses,StatusId,DailyExtractErDTP2StgCT.param
90,Y,IntegrationServiceSubTypes,IntegrationServiceSubTypes,StgErIntegrationServiceSubTypes,IntegrationServiceSubTypeID,DailyExtractErDTP2StgCT.param
91,Y,ObjectRequirementInitiatedServices,ObjectRequirementInitiatedServices,StgErObjectRequirementInitiatedServices,Id,DailyExtractErDTP2StgCT.param
