Seq,StgTbl,OdsTbl,OdsTblInserts,OdstblUpdates,pOdsNaturalKey,pOdsSurrogateKey,pStgNaturalKey,parameterFileName
86,StgErMatchExpenseTypes,OdsErMatchExpenseTypes,OdsErMatchExpenseTypes,OdsErMatchExpenseTypes,TypeID,DWRowID,TypeID,
87,StgErRangeCalendar,OdsErRangeCalendar,OdsErRangeCalendar,OdsErRangeCalendar,RangeCalendarID,DWRowID,RangeCalendarID,
89,StgErRequirementCustomFields,OdsErRequirementCustomFields,OdsErRequirementCustomFields,OdsErRequirementCustomFields,RequirementId||CustomFieldId,DWRowID,RequirementId||CustomFieldId,
90,StgErIntegrationProviders,OdsErIntegrationProviders,OdsErIntegrationProviders,OdsErIntegrationProviders,IntegrationProviderID,DWRowID,IntegrationProviderID,
91,StgErIntegrationServiceCategories,OdsErIntegrationServiceCategories,OdsErIntegrationServiceCategories,OdsErIntegrationServiceCategories,CategoryId,DWRowID,CategoryId,
92,StgErIntegrationServices,OdsErIntegrationServices,OdsErIntegrationServices,OdsErIntegrationServices,IntegrationServiceID,DWRowID,IntegrationServiceID,
93,StgErIntegrationServiceStatuses,OdsErIntegrationServiceStatuses,OdsErIntegrationServiceStatuses,OdsErIntegrationServiceStatuses,StatusId,DWRowID,StatusId,
94,StgErIntegrationServiceSubTypes,OdsErIntegrationServiceSubTypes,OdsErIntegrationServiceSubTypes,OdsErIntegrationServiceSubTypes,IntegrationServiceSubTypeID,DWRowID,IntegrationServiceSubTypeID,
95,StgErObjectRequirementInitiatedServices,OdsErObjectRequirementInitiatedServices,OdsErObjectRequirementInitiatedServices,OdsErObjectRequirementInitiatedServices,Id,DWRowID,Id,
