Seq,pOraODBCSourceConnection,SrcTbl,TgtTbl,pDwSourceSystemCode,parameterFileName
1,OraCdcFn,Ps_Aging_Categ_Tbl,CdcFnPs_Aging_Categ_Tbl,$$SourceSystemCode,RefreshCdcFnPs_Aging_Categ_Tbl.param
2,OraCdcFn,Ps_Altacct_Tbl,CdcFnPs_Altacct_Tbl,$$SourceSystemCode,RefreshCdcFnPs_Altacct_Tbl.param
3,OraCdcFn,Ps_Altacct_Xref,CdcFnPs_Altacct_Xref,$$SourceSystemCode,RefreshCdcFnPs_Altacct_Xref.param
4,OraCdcFn,Ps_Bus_Unit_Tbl_Fs,CdcFnPs_Bus_Unit_Tbl_Fs,$$SourceSystemCode,RefreshCdcFnPs_Bus_Unit_Tbl_Fs.param
5,OraCdcFn,Ps_Cal_Detp_Tbl,CdcFnPs_Cal_Detp_Tbl,$$SourceSystemCode,RefreshCdcFnPs_Cal_Detp_Tbl.param
6,OraCdcFn,Ps_Chartfield1_Tbl,CdcFnPs_Chartfield1_Tbl,$$SourceSystemCode,RefreshCdcFnPs_Chartfield1_Tbl.param
7,OraCdcFn,Ps_Currency_Cd_Tbl,CdcFnPs_Currency_Cd_Tbl,$$SourceSystemCode,RefreshCdcFnPs_Currency_Cd_Tbl.param
8,OraCdcFn,Ps_Dept_Tbl,CdcFnPs_Dept_Tbl,$$SourceSystemCode,RefreshCdcFnPs_Dept_Tbl.param
9,OraCdcFn,Ps_Gl_Account_Tbl,CdcFnPs_Gl_Account_Tbl,$$SourceSystemCode,RefreshCdcFnPs_Gl_Account_Tbl.param
10,OraCdcFn,Ps_Kc_As_Intfc_Xrf,CdcFnPs_Kc_As_Intfc_Xrf,$$SourceSystemCode,RefreshCdcFnPs_Kc_As_Intfc_Xrf.param
11,OraCdcFn,Ps_Kc_Gl_Acct_Tbl,CdcFnPs_Kc_Gl_Acct_Tbl,$$SourceSystemCode,RefreshCdcFnPs_Kc_Gl_Acct_Tbl.param
12,OraCdcFn,Ps_Ledger,CdcFnPs_Ledger,$$SourceSystemCode,RefreshCdcFnPs_Ledger.param
13,OraCdcFn,Ps_Product_Tbl,CdcFnPs_Product_Tbl,$$SourceSystemCode,RefreshCdcFnPs_Product_Tbl.param
14,OraCdcFn,Ps_Vendor,CdcFnPs_Vendor,$$SourceSystemCode,RefreshCdcFnPs_Vendor.param
