Seq,pOraODBCSourceConnection,SrcTbl,TgtTbl,parameterFileName
1,OraCdcFn,Ps_Aging_Categ_Tbl,PS_AGING_CATEG_TBL_GL,
2,OraCdcFn,Ps_Altacct_Tbl,PS_ALTACCT_TBL_GL,
3,OraCdcFn,Ps_Altacct_Xref,PS_ALTACCT_XREF_GL,
4,OraCdcFn,Ps_Bus_Unit_Tbl_Fs,PS_BUS_UNIT_TBL_FS_GL,
5,OraCdcFn,Ps_Cal_Detp_Tbl,PS_CAL_DETP_TBL_GL,
6,OraCdcFn,Ps_Chartfield1_Tbl,PS_CHARTFIELD1_TBL_GL,
7,OraCdcFn,Ps_Currency_Cd_Tbl,PS_CURRENCY_CD_TBL_GL,
8,OraCdcFn,Ps_Dept_Tbl,PS_DEPT_TBL_GL,
9,OraCdcFn,Ps_Gl_Account_Tbl,PS_GL_ACCOUNT_TBL_GL,
10,OraCdcFn,Ps_Kc_As_Intfc_Xrf,PS_KC_AS_INTFC_XRF_GL,
11,OraCdcFn,Ps_Kc_Gl_Acct_Tbl,PS_KC_GL_ACCT_TBL_GL,
12,OraCdcFn,Ps_Ledger,PS_LEDGER_GL,
13,OraCdcFn,Ps_Product_Tbl,PS_PRODUCT_TBL_GL,
14,OraCdcFn,Ps_Vendor,PS_VENDOR_GL,
