Seq,pOraODBCSourceConnection,SrcTbl,TgtTbl,pDwSourceSystemCode,parameterFileName
15,OraCdcHr,Ps_Bus_Unit_Tbl_Hr,CdcHrPs_Bus_Unit_Tbl_Hr,$$SourceSystemCode,RefreshCdcHrPs_Bus_Unit_Tbl_Hr.param
16,OraCdcHr,Ps_Chartfield1_Tbl,CdcHrPs_Chartfield1_Tbl,$$SourceSystemCode,RefreshCdcHrPs_Chartfield1_Tbl.param
17,OraCdcHr,Ps_Co_Statetax_Tbl,CdcHrPs_Co_Statetax_Tbl,$$SourceSystemCode,RefreshCdcHrPs_Co_Statetax_Tbl.param
18,OraCdcHr,Ps_Company_Tbl,CdcHrPs_Company_Tbl,$$SourceSystemCode,RefreshCdcHrPs_Company_Tbl.param
19,OraCdcHr,Ps_Customer,CdcHrPs_Customer,$$SourceSystemCode,RefreshCdcHrPs_Customer.param
20,OraCdcHr,Ps_Deduction_Class,CdcHrPs_Deduction_Class,$$SourceSystemCode,RefreshCdcHrPs_Deduction_Class.param
21,OraCdcHr,Ps_Deduction_Tbl,CdcHrPs_Deduction_Tbl,$$SourceSystemCode,RefreshCdcHrPs_Deduction_Tbl.param
22,OraCdcHr,Ps_Dept_Tbl,CdcHrPs_Dept_Tbl,$$SourceSystemCode,RefreshCdcHrPs_Dept_Tbl.param
23,OraCdcHr,Ps_Earnings_Tbl,CdcHrPs_Earnings_Tbl,$$SourceSystemCode,RefreshCdcHrPs_Earnings_Tbl.param
24,OraCdcHr,Ps_Ern_Program_Def,CdcHrPs_Ern_Program_Def,$$SourceSystemCode,RefreshCdcHrPs_Ern_Program_Def.param
25,OraCdcHr,Ps_Ern_Program_Tbl,CdcHrPs_Ern_Program_Tbl,$$SourceSystemCode,RefreshCdcHrPs_Ern_Program_Tbl.param
26,OraCdcHr,Ps_Fo_Empl_Xref,CdcHrPs_Fo_Empl_Xref,$$SourceSystemCode,RefreshCdcHrPs_Fo_Empl_Xref.param
27,OraCdcHr,Ps_Gl_Gen_History,CdcHrPs_Gl_Gen_History,$$SourceSystemCode,RefreshCdcHrPs_Gl_Gen_History.param
28,OraCdcHr,Ps_Holiday_Date,CdcHrPs_Holiday_Date,$$SourceSystemCode,RefreshCdcHrPs_Holiday_Date.param
29,OraCdcHr,Ps_Holiday_Tbl,CdcHrPs_Holiday_Tbl,$$SourceSystemCode,RefreshCdcHrPs_Holiday_Tbl.param
30,OraCdcHr,Ps_Hr_Acctg_Line,CdcHrPs_Hr_Acctg_Line,$$SourceSystemCode,RefreshCdcHrPs_Hr_Acctg_Line.param
31,OraCdcHr,Ps_Job,CdcHrPs_Job,$$SourceSystemCode,RefreshCdcHrPs_Job.param
32,OraCdcHr,Ps_Job_Family_Tbl,CdcHrPs_Job_Family_Tbl,$$SourceSystemCode,RefreshCdcHrPs_Job_Family_Tbl.param
33,OraCdcHr,Ps_Jobcode_Tbl,CdcHrPs_Jobcode_Tbl,$$SourceSystemCode,RefreshCdcHrPs_Jobcode_Tbl.param
34,OraCdcHr,Ps_Kc_Aca_Elig_Tbl,CdcHrPs_Kc_Aca_Elig_Tbl,$$SourceSystemCode,RefreshCdcHrPs_Kc_Aca_Elig_Tbl.param
35,OraCdcHr,Ps_Kc_Aca_Stg_Tbl,CdcHrPs_Kc_Aca_Stg_Tbl,$$SourceSystemCode,RefreshCdcHrPs_Kc_Aca_Stg_Tbl.param
36,OraCdcHr,Ps_Kc_Ee_Intfc_Xrf,CdcHrPs_Kc_Ee_Intfc_Xrf,$$SourceSystemCode,RefreshCdcHrPs_Kc_Ee_Intfc_Xrf.param
37,OraCdcHr,Ps_Kc_Hov_Enrl_Tbl,CdcHrPs_Kc_Hov_Enrl_Tbl,$$SourceSystemCode,RefreshCdcHrPs_Kc_Hov_Enrl_Tbl.param
38,OraCdcHr,Ps_Kc_Hov_Rpt_Tbl,CdcHrPs_Kc_Hov_Rpt_Tbl,$$SourceSystemCode,RefreshCdcHrPs_Kc_Hov_Rpt_Tbl.param
39,OraCdcHr,Ps_Kc_Hov_User_Tbl,CdcHrPs_Kc_Hov_User_Tbl,$$SourceSystemCode,RefreshCdcHrPs_Kc_Hov_User_Tbl.param
40,OraCdcHr,Ps_Kc_Hr_Acctg_Lnk,CdcHrPs_Kc_Hr_Acctg_Lnk,$$SourceSystemCode,RefreshCdcHrPs_Kc_Hr_Acctg_Lnk.param
41,OraCdcHr,Ps_Kc_Hr0008_Tbl,CdcHrPs_Kc_Hr0008_Tbl,$$SourceSystemCode,RefreshCdcHrPs_Kc_Hr0008_Tbl.param
42,OraCdcHr,Ps_Kc_Hr0067_Op,CdcHrPs_Kc_Hr0067_Op,$$SourceSystemCode,RefreshCdcHrPs_Kc_Hr0067_Op.param
43,OraCdcHr,Ps_Kc_Hr0087A_Defn,CdcHrPs_Kc_Hr0087A_Defn,$$SourceSystemCode,RefreshCdcHrPs_Kc_Hr0087A_Defn.param
44,OraCdcHr,Ps_Kc_Sb_Exception,CdcHrPs_Kc_Sb_Exception,$$SourceSystemCode,RefreshCdcHrPs_Kc_Sb_Exception.param
45,OraCdcHr,Ps_Kc_Sb_Pymnt_Tbl,CdcHrPs_Kc_Sb_Pymnt_Tbl,$$SourceSystemCode,RefreshCdcHrPs_Kc_Sb_Pymnt_Tbl.param
46,OraCdcHr,Ps_Kc_Unpd_Lv_Tbl,CdcHrPs_Kc_Unpd_Lv_Tbl,$$SourceSystemCode,RefreshCdcHrPs_Kc_Unpd_Lv_Tbl.param
47,OraCdcHr,Ps_Kc_Us_Hol_Tbl,CdcHrPs_Kc_Us_Hol_Tbl,$$SourceSystemCode,RefreshCdcHrPs_Kc_Us_Hol_Tbl.param
48,OraCdcHr,Ps_Kc_Usholpay_Def,CdcHrPs_Kc_Usholpay_Def,$$SourceSystemCode,RefreshCdcHrPs_Kc_Usholpay_Def.param
49,OraCdcHr,Ps_Kc_Xref_Tbl,CdcHrPs_Kc_Xref_Tbl,$$SourceSystemCode,RefreshCdcHrPs_Kc_Xref_Tbl.param
50,OraCdcHr,Ps_Kceeintfcxrfarc,CdcHrPs_Kceeintfcxrfarc,$$SourceSystemCode,RefreshCdcHrPs_Kceeintfcxrfarc.param
51,OraCdcHr,Ps_Pay_Calendar,CdcHrPs_Pay_Calendar,$$SourceSystemCode,RefreshCdcHrPs_Pay_Calendar.param
52,OraCdcHr,Ps_Pay_Check,CdcHrPs_Pay_Check,$$SourceSystemCode,RefreshCdcHrPs_Pay_Check.param
53,OraCdcHr,Ps_Pay_Check_Dead,CdcHrPs_Pay_Check_Dead,$$SourceSystemCode,RefreshCdcHrPs_Pay_Check_Dead.param
54,OraCdcHr,Ps_Pay_Deduction,CdcHrPs_Pay_Deduction,$$SourceSystemCode,RefreshCdcHrPs_Pay_Deduction.param
55,OraCdcHr,Ps_Pay_Earnings,CdcHrPs_Pay_Earnings,$$SourceSystemCode,RefreshCdcHrPs_Pay_Earnings.param
56,OraCdcHr,Ps_Pay_Na_Ctx_Dist,CdcHrPs_Pay_Na_Ctx_Dist,$$SourceSystemCode,RefreshCdcHrPs_Pay_Na_Ctx_Dist.param
57,OraCdcHr,Ps_Pay_Na_Tax_Dist,CdcHrPs_Pay_Na_Tax_Dist,$$SourceSystemCode,RefreshCdcHrPs_Pay_Na_Tax_Dist.param
58,OraCdcHr,Ps_Pay_Oth_Earns,CdcHrPs_Pay_Oth_Earns,$$SourceSystemCode,RefreshCdcHrPs_Pay_Oth_Earns.param
59,OraCdcHr,Ps_Pay_Tax,CdcHrPs_Pay_Tax,$$SourceSystemCode,RefreshCdcHrPs_Pay_Tax.param
60,OraCdcHr,Ps_Pay_Tax_Can,CdcHrPs_Pay_Tax_Can,$$SourceSystemCode,RefreshCdcHrPs_Pay_Tax_Can.param
61,OraCdcHr,Ps_Pers_Nid,CdcHrPs_Pers_Nid,$$SourceSystemCode,RefreshCdcHrPs_Pers_Nid.param
62,OraCdcHr,Ps_Personal_Data,CdcHrPs_Personal_Data,$$SourceSystemCode,RefreshCdcHrPs_Personal_Data.param
63,OraCdcHr,Ps_Product_Tbl,CdcHrPs_Product_Tbl,$$SourceSystemCode,RefreshCdcHrPs_Product_Tbl.param
64,OraCdcHr,Ps_Pygl_Activernmp,CdcHrPs_Pygl_Activernmp,$$SourceSystemCode,RefreshCdcHrPs_Pygl_Activernmp.param
65,OraCdcHr,Ps_Pygl_Activtaxmp,CdcHrPs_Pygl_Activtaxmp,$$SourceSystemCode,RefreshCdcHrPs_Pygl_Activtaxmp.param
66,OraCdcHr,Ps_St_Oth_Tax_Tbl,CdcHrPs_St_Oth_Tax_Tbl,$$SourceSystemCode,RefreshCdcHrPs_St_Oth_Tax_Tbl.param
67,OraCdcHr,Ps_Tl_Erncd_Tbl,CdcHrPs_Tl_Erncd_Tbl,$$SourceSystemCode,RefreshCdcHrPs_Tl_Erncd_Tbl.param
68,OraCdcHr,Ps_Tl_Payable_Time,CdcHrPs_Tl_Payable_Time,$$SourceSystemCode,RefreshCdcHrPs_Tl_Payable_Time.param
69,OraCdcHr,Ps_Tl_Rptd_Time,CdcHrPs_Tl_Rptd_Time,$$SourceSystemCode,RefreshCdcHrPs_Tl_Rptd_Time.param
70,OraCdcHr,Ps_Tl_Trc_Pgm_Tbl,CdcHrPs_Tl_Trc_Pgm_Tbl,$$SourceSystemCode,RefreshCdcHrPs_Tl_Trc_Pgm_Tbl.param
71,OraCdcHr,Ps_Tl_Trc_Tbl,CdcHrPs_Tl_Trc_Tbl,$$SourceSystemCode,RefreshCdcHrPs_Tl_Trc_Tbl.param
72,OraCdcHr,Ps_Tl_Trcpgele_Tbl,CdcHrPs_Tl_Trcpgele_Tbl,$$SourceSystemCode,RefreshCdcHrPs_Tl_Trcpgele_Tbl.param
73,OraCdcHr,Ps_Tl_Val_List_Dtl,CdcHrPs_Tl_Val_List_Dtl,$$SourceSystemCode,RefreshCdcHrPs_Tl_Val_List_Dtl.param
74,OraCdcHr,Ps_Tl_Xref_Tbl,CdcHrPs_Tl_Xref_Tbl,$$SourceSystemCode,RefreshCdcHrPs_Tl_Xref_Tbl.param
75,OraCdcHr,Psmsgcatdefn,CdcHrPsmsgcatdefn,$$SourceSystemCode,RefreshCdcHrPsmsgcatdefn.param
76,OraCdcHr,Psxlatitem,CdcHrPsxlatitem,$$SourceSystemCode,RefreshCdcHrPsxlatitem.param
