Seq,SrcStageTblUpserts,srcStageTblDeletes,pTgtDbConnection,TgtTeradataTblUpserts,TgtTeradataTblUpserts_targetUpdateColumns,TgtTeradataTblDeletes,TgtTeradataTblDeletes_targetUpdateColumns,parameterFileName,pPurgeIndicator,pSourceChangeIndicator,pStageSortColumns,pPIIAggrColumns,pAdditionalFields
1,StgFnPs_Aging_Categ_Tbl,StgFnPs_Aging_Categ_Tbl,TeradataAzureViewsIICS,PS_AGING_CATEG_TBL_GL,SETID;AGING_ID;EFFDT;AGING_CATEGORY,PS_AGING_CATEG_TBL_GL,SETID;AGING_ID;EFFDT;AGING_CATEGORY,DailyExtractOracleStg2Teradata.param,$$PurgeIndicator,DTL__CAPXACTION,SETID=ASC;AGING_ID=ASC;EFFDT=ASC;AGING_CATEGORY=ASC;CDCROWID=ASC;DTL__CAPXTIMESTAMP=ASC;,SETID;AGING_ID;EFFDT;AGING_CATEGORY,"date/time(29,9) TransDate=Systimestamp();string(1,0) TransCode=IIF($pPurgeIndicator$='Y', 'P', IIF($pSourceChangeIndicator$='I','I',$pSourceChangeIndicator$));integer(10,0) SOURCEID=2;"
2,StgFnPs_Altacct_Tbl,StgFnPs_Altacct_Tbl,TeradataAzureViewsIICS,PS_ALTACCT_TBL_GL,SETID;ALTACCT;EFFDT,PS_ALTACCT_TBL_GL,SETID;ALTACCT;EFFDT,DailyExtractOracleStg2Teradata.param,$$PurgeIndicator,DTL__CAPXACTION,SETID=ASC;ALTACCT=ASC;EFFDT=ASC;CDCROWID=ASC;DTL__CAPXTIMESTAMP=ASC;,SETID;ALTACCT;EFFDT,"date/time(29,9) TransDate=Systimestamp();string(1,0) TransCode=IIF($pPurgeIndicator$='Y', 'P', IIF($pSourceChangeIndicator$='I','I',$pSourceChangeIndicator$));integer(10,0) SOURCEID=2;"
3,StgFnPs_Altacct_Xref,StgFnPs_Altacct_Xref,TeradataAzureViewsIICS,PS_ALTACCT_XREF_GL,SETID;ACCOUNT;ALTACCT_SETID;ALTACCT,PS_ALTACCT_XREF_GL,SETID;ACCOUNT;ALTACCT_SETID;ALTACCT,DailyExtractOracleStg2Teradata.param,$$PurgeIndicator,DTL__CAPXACTION,SETID=ASC;ACCOUNT=ASC;ALTACCT_SETID=ASC;ALTACCT=ASC;CDCROWID=ASC;DTL__CAPXTIMESTAMP=ASC;,SETID;ACCOUNT;ALTACCT_SETID;ALTACCT,"date/time(29,9) TransDate=Systimestamp();string(1,0) TransCode=IIF($pPurgeIndicator$='Y', 'P', IIF($pSourceChangeIndicator$='I','I',$pSourceChangeIndicator$));integer(10,0) SOURCEID=2;string(10,0) ACCOUNTS=ACCOUNT;"
4,StgFnPs_Bus_Unit_Tbl_Fs,StgFnPs_Bus_Unit_Tbl_Fs,TeradataAzureViewsIICS,PS_BUS_UNIT_TBL_FS_GL,BUSINESS_UNIT,PS_BUS_UNIT_TBL_FS_GL,BUSINESS_UNIT,DailyExtractOracleStg2Teradata.param,$$PurgeIndicator,DTL__CAPXACTION,BUSINESS_UNIT=ASC;CDCROWID=ASC;DTL__CAPXTIMESTAMP=ASC;,BUSINESS_UNIT,"date/time(29,9) TransDate=Systimestamp();string(1,0) TransCode=IIF($pPurgeIndicator$='Y', 'P', IIF($pSourceChangeIndicator$='I','I',$pSourceChangeIndicator$));integer(10,0) SOURCEID=2;"
5,StgFnPs_Cal_Detp_Tbl,StgFnPs_Cal_Detp_Tbl,TeradataAzureViewsIICS,PS_CAL_DETP_TBL_GL,SETID;CALENDAR_ID;FISCAL_YEAR;ACCOUNTING_PERIOD,PS_CAL_DETP_TBL_GL,SETID;CALENDAR_ID;FISCAL_YEAR;ACCOUNTING_PERIOD,DailyExtractOracleStg2Teradata.param,$$PurgeIndicator,DTL__CAPXACTION,SETID=ASC;CALENDAR_ID=ASC;FISCAL_YEAR=ASC;ACCOUNTING_PERIOD=ASC;CDCROWID=ASC;DTL__CAPXTIMESTAMP=ASC;,SETID;CALENDAR_ID;FISCAL_YEAR;ACCOUNTING_PERIOD,"date/time(29,9) TransDate=Systimestamp();string(1,0) TransCode=IIF($pPurgeIndicator$='Y', 'P', IIF($pSourceChangeIndicator$='I','I',$pSourceChangeIndicator$));integer(10,0) SOURCEID=2;"
6,StgFnPs_Chartfield1_Tbl,StgFnPs_Chartfield1_Tbl,TeradataAzureViewsIICS,PS_CHARTFIELD1_TBL_GL,SETID;CHARTFIELD1;EFFDT,PS_CHARTFIELD1_TBL_GL,SETID;CHARTFIELD1;EFFDT,DailyExtractOracleStg2Teradata.param,$$PurgeIndicator,DTL__CAPXACTION,SETID=ASC;CHARTFIELD1=ASC;EFFDT=ASC;CDCROWID=ASC;DTL__CAPXTIMESTAMP=ASC;,SETID;CHARTFIELD1;EFFDT,"date/time(29,9) TransDate=Systimestamp();string(1,0) TransCode=IIF($pPurgeIndicator$='Y', 'P', IIF($pSourceChangeIndicator$='I','I',$pSourceChangeIndicator$));integer(10,0) SOURCEID=2;"
7,StgFnPs_Currency_Cd_Tbl,StgFnPs_Currency_Cd_Tbl,TeradataAzureViewsIICS,PS_CURRENCY_CD_TBL_GL,CURRENCY_CD;EFFDT,PS_CURRENCY_CD_TBL_GL,CURRENCY_CD;EFFDT,DailyExtractOracleStg2Teradata.param,$$PurgeIndicator,DTL__CAPXACTION,CURRENCY_CD=ASC;EFFDT=ASC;CDCROWID=ASC;DTL__CAPXTIMESTAMP=ASC;,CURRENCY_CD;EFFDT,"date/time(29,9) TransDate=Systimestamp();string(1,0) TransCode=IIF($pPurgeIndicator$='Y', 'P', IIF($pSourceChangeIndicator$='I','I',$pSourceChangeIndicator$));integer(10,0) SOURCEID=2;"
8,StgFnPs_Dept_Tbl,StgFnPs_Dept_Tbl,TeradataAzureViewsIICS,PS_DEPT_TBL_GL,SETID;DEPTID;EFFDT,PS_DEPT_TBL_GL,SETID;DEPTID;EFFDT,DailyExtractOracleStg2Teradata.param,$$PurgeIndicator,DTL__CAPXACTION,SETID=ASC;DEPTID=ASC;EFFDT=ASC;CDCROWID=ASC;DTL__CAPXTIMESTAMP=ASC;,SETID;DEPTID;EFFDT,"date/time(29,9) TransDate=Systimestamp();string(1,0) TransCode=IIF($pPurgeIndicator$='Y', 'P', IIF($pSourceChangeIndicator$='I','I',$pSourceChangeIndicator$));integer(10,0) SOURCEID=2;"
9,StgFnPs_Gl_Account_Tbl,StgFnPs_Gl_Account_Tbl,TeradataAzureViewsIICS,PS_GL_ACCOUNT_TBL_GL ,SETID;ACCOUNT;EFFDT,PS_GL_ACCOUNT_TBL_GL ,SETID;ACCOUNT;EFFDT,DailyExtractOracleStg2Teradata.param,$$PurgeIndicator,DTL__CAPXACTION,SETID=ASC;ACCOUNT=ASC;EFFDT=ASC;CDCROWID=ASC;DTL__CAPXTIMESTAMP=ASC;,SETID;ACCOUNT;EFFDT,"date/time(29,9) TransDate=Systimestamp();string(1,0) TransCode=IIF($pPurgeIndicator$='Y', 'P', IIF($pSourceChangeIndicator$='I','I',$pSourceChangeIndicator$));integer(10,0) SOURCEID=2;string(10,0) ACCOUNTS=ACCOUNT;"
10,StgFnPs_Kc_As_Intfc_Xrf,StgFnPs_Kc_As_Intfc_Xrf,TeradataAzureViewsIICS,PS_KC_AS_INTFC_XRF_GL,ASSIGNMENT_ID,PS_KC_AS_INTFC_XRF_GL,ASSIGNMENT_ID,DailyExtractOracleStg2Teradata.param,$$PurgeIndicator,DTL__CAPXACTION,ASSIGNMENT_ID=ASC;CDCROWID=ASC;DTL__CAPXTIMESTAMP=ASC;,ASSIGNMENT_ID,"date/time(29,9) TransDate=Systimestamp();string(1,0) TransCode=IIF($pPurgeIndicator$='Y', 'P', IIF($pSourceChangeIndicator$='I','I',$pSourceChangeIndicator$));integer(10,0) SOURCEID=2;"
11,StgFnPs_Kc_Gl_Acct_Tbl,StgFnPs_Kc_Gl_Acct_Tbl,TeradataAzureViewsIICS,PS_KC_GL_ACCT_TBL_GL ,SETID;KC_EXT_SYSTEM;KC_ACCOUNT;KC_AFFACCT;EFFDT,PS_KC_GL_ACCT_TBL_GL ,SETID;KC_EXT_SYSTEM;KC_ACCOUNT;KC_AFFACCT;EFFDT,DailyExtractOracleStg2Teradata.param,$$PurgeIndicator,DTL__CAPXACTION,SETID=ASC;KC_EXT_SYSTEM=ASC;KC_ACCOUNT=ASC;KC_AFFACCT=ASC;EFFDT=ASC;CDCROWID=ASC;DTL__CAPXTIMESTAMP=ASC;,SETID;KC_EXT_SYSTEM;KC_ACCOUNT;KC_AFFACCT;EFFDT,"date/time(29,9) TransDate=Systimestamp();string(1,0) TransCode=IIF($pPurgeIndicator$='Y', 'P', IIF($pSourceChangeIndicator$='I','I',$pSourceChangeIndicator$));integer(10,0) SOURCEID=2;"
12,StgFnPs_Ledger,StgFnPs_Ledger,TeradataAzureViewsIICS,PS_LEDGER_GL,BUSINESS_UNIT;LEDGER;ACCOUNT;ALTACCT;DEPTID;OPERATING_UNIT;PRODUCT;FUND_CODE;CLASS_FLD;PROGRAM_CODE;BUDGET_REF;AFFILIATE;AFFILIATE_INTRA1;AFFILIATE_INTRA2;CHARTFIELD1;PROJECT_ID;BOOK_CODE;GL_ADJUST_TYPE;CURRENCY_CD;STATISTICS_CODE;FISCAL_YEAR;ACCOUNTING_PERIOD,PS_LEDGER_GL,BUSINESS_UNIT;LEDGER;ACCOUNT;ALTACCT;DEPTID;OPERATING_UNIT;PRODUCT;FUND_CODE;CLASS_FLD;PROGRAM_CODE;BUDGET_REF;AFFILIATE;AFFILIATE_INTRA1;AFFILIATE_INTRA2;CHARTFIELD1;PROJECT_ID;BOOK_CODE;GL_ADJUST_TYPE;CURRENCY_CD;STATISTICS_CODE;FISCAL_YEAR;ACCOUNTING_PERIOD,DailyExtractOracleStg2Teradata.param,$$PurgeIndicator,DTL__CAPXACTION,BUSINESS_UNIT=ASC;LEDGER=ASC;ACCOUNT=ASC;ALTACCT=ASC;DEPTID=ASC;OPERATING_UNIT=ASC;PRODUCT=ASC;FUND_CODE=ASC;CLASS_FLD=ASC;PROGRAM_CODE=ASC;BUDGET_REF=ASC;AFFILIATE=ASC;AFFILIATE_INTRA1=ASC;AFFILIATE_INTRA2=ASC;CHARTFIELD1=ASC;PROJECT_ID=ASC;BOOK_CODE=ASC;GL_ADJUST_TYPE=ASC;CURRENCY_CD=ASC;STATISTICS_CODE=ASC;FISCAL_YEAR=ASC;ACCOUNTING_PERIOD=ASC;CDCROWID=ASC;DTL__CAPXTIMESTAMP=ASC;,BUSINESS_UNIT;LEDGER;ACCOUNT;ALTACCT;DEPTID;OPERATING_UNIT;PRODUCT;FUND_CODE;CLASS_FLD;PROGRAM_CODE;BUDGET_REF;AFFILIATE;AFFILIATE_INTRA1;AFFILIATE_INTRA2;CHARTFIELD1;PROJECT_ID;BOOK_CODE;GL_ADJUST_TYPE;CURRENCY_CD;STATISTICS_CODE;FISCAL_YEAR;ACCOUNTING_PERIOD,"date/time(29,9) TransDate=Systimestamp();string(1,0) TransCode=IIF($pPurgeIndicator$='Y', 'P', IIF($pSourceChangeIndicator$='I','I',$pSourceChangeIndicator$));integer(10,0) SOURCEID=2;string(10,0) ACCOUNTS=ACCOUNT;"
13,StgFnPs_Product_Tbl,StgFnPs_Product_Tbl,TeradataAzureViewsIICS,PS_PRODUCT_TBL_GL,SETID;PRODUCT;EFFDT,PS_PRODUCT_TBL_GL,SETID;PRODUCT;EFFDT,DailyExtractOracleStg2Teradata.param,$$PurgeIndicator,DTL__CAPXACTION,SETID=ASC;PRODUCT=ASC;EFFDT=ASC;CDCROWID=ASC;DTL__CAPXTIMESTAMP=ASC;,SETID;PRODUCT;EFFDT,"date/time(29,9) TransDate=Systimestamp();string(1,0) TransCode=IIF($pPurgeIndicator$='Y', 'P', IIF($pSourceChangeIndicator$='I','I',$pSourceChangeIndicator$));integer(10,0) SOURCEID=2;"
14,StgFnPs_Vendor,StgFnPs_Vendor,TeradataAzureViewsIICS,PS_VENDOR_GL,SETID;VENDOR_ID,PS_VENDOR_GL,SETID;VENDOR_ID,DailyExtractOracleStg2Teradata.param,$$PurgeIndicator,DTL__CAPXACTION,SETID=ASC;VENDOR_ID=ASC;CDCROWID=ASC;DTL__CAPXTIMESTAMP=ASC;,SETID;VENDOR_ID,"date/time(29,9) TransDate=Systimestamp();string(1,0) TransCode=IIF($pPurgeIndicator$='Y', 'P', IIF($pSourceChangeIndicator$='I','I',$pSourceChangeIndicator$));integer(10,0) SOURCEID=2;"
15,StgHrPs_Bus_Unit_Tbl_Hr,StgHrPs_Bus_Unit_Tbl_Hr,TeradataAzureViewsIICS,PS_BUS_UNIT_TBL_HR_PY,BUSINESS_UNIT,PS_BUS_UNIT_TBL_HR_PY,BUSINESS_UNIT,DailyExtractOracleStg2Teradata.param,$$PurgeIndicator,DTL__CAPXACTION,BUSINESS_UNIT=ASC;CDCROWID=ASC;DTL__CAPXTIMESTAMP=ASC;,BUSINESS_UNIT,"date/time(29,9) TransDate=Systimestamp();string(1,0) TransCode=IIF($pPurgeIndicator$='Y', 'P', IIF($pSourceChangeIndicator$='I','I',$pSourceChangeIndicator$));integer(10,0) SOURCEID=2;"
16,StgHrPs_Chartfield1_Tbl,StgHrPs_Chartfield1_Tbl,TeradataAzureViewsIICS,PS_CHARTFIELD1_TBL_PY,EFFDT;CHARTFIELD1;SETID,PS_CHARTFIELD1_TBL_PY,EFFDT;CHARTFIELD1;SETID,DailyExtractOracleStg2Teradata.param,$$PurgeIndicator,DTL__CAPXACTION,EFFDT=ASC;CHARTFIELD1=ASC;SETID=ASC;CDCROWID=ASC;DTL__CAPXTIMESTAMP=ASC;,EFFDT;CHARTFIELD1;SETID,"date/time(29,9) TransDate=Systimestamp();string(1,0) TransCode=IIF($pPurgeIndicator$='Y', 'P', IIF($pSourceChangeIndicator$='I','I',$pSourceChangeIndicator$));integer(10,0) SOURCEID=2;"
17,StgHrPs_Co_Statetax_Tbl,StgHrPs_Co_Statetax_Tbl,TeradataAzureViewsIICS,PS_CO_STATETAX_TBL_PY,COMPANY;EFFDT;STATE,PS_CO_STATETAX_TBL_PY,COMPANY;EFFDT;STATE,DailyExtractOracleStg2Teradata.param,$$PurgeIndicator,DTL__CAPXACTION,COMPANY=ASC;EFFDT=ASC;STATE=ASC;CDCROWID=ASC;DTL__CAPXTIMESTAMP=ASC;,COMPANY;EFFDT;STATE,"date/time(29,9) TransDate=Systimestamp();string(1,0) TransCode=IIF($pPurgeIndicator$='Y', 'P', IIF($pSourceChangeIndicator$='I','I',$pSourceChangeIndicator$));integer(10,0) SOURCEID=2;"
18,StgHrPs_Company_Tbl,StgHrPs_Company_Tbl,TeradataAzureViewsIICS,PS_COMPANY_TBL_PY,COMPANY;EFFDT,PS_COMPANY_TBL_PY,COMPANY;EFFDT,DailyExtractOracleStg2Teradata.param,$$PurgeIndicator,DTL__CAPXACTION,COMPANY=ASC;EFFDT=ASC;CDCROWID=ASC;DTL__CAPXTIMESTAMP=ASC;,COMPANY;EFFDT,"date/time(29,9) TransDate=Systimestamp();string(1,0) TransCode=IIF($pPurgeIndicator$='Y', 'P', IIF($pSourceChangeIndicator$='I','I',$pSourceChangeIndicator$));integer(10,0) SOURCEID=2;"
19,StgHrPs_Customer,StgHrPs_Customer,TeradataAzureViewsIICS,PS_CUSTOMER_PY,SETID;CUST_ID,PS_CUSTOMER_PY,SETID;CUST_ID,DailyExtractOracleStg2Teradata.param,$$PurgeIndicator,DTL__CAPXACTION,SETID=ASC;CUST_ID=ASC;CDCROWID=ASC;DTL__CAPXTIMESTAMP=ASC;,SETID;CUST_ID,"date/time(29,9) TransDate=Systimestamp();string(1,0) TransCode=IIF($pPurgeIndicator$='Y', 'P', IIF($pSourceChangeIndicator$='I','I',$pSourceChangeIndicator$));integer(10,0) SOURCEID=2;"
20,StgHrPs_Deduction_Class,StgHrPs_Deduction_Class,TeradataAzureViewsIICS,PS_DEDUCTION_CLASS_PY,DED_SLSTX_CLASS;DED_CLASS;EFFDT;DEDCD;PLAN_TYPE,PS_DEDUCTION_CLASS_PY,DED_SLSTX_CLASS;DED_CLASS;EFFDT;DEDCD;PLAN_TYPE,DailyExtractOracleStg2Teradata.param,$$PurgeIndicator,DTL__CAPXACTION,DED_SLSTX_CLASS=ASC;DED_CLASS=ASC;EFFDT=ASC;DEDCD=ASC;PLAN_TYPE=ASC;CDCROWID=ASC;DTL__CAPXTIMESTAMP=ASC;,DED_SLSTX_CLASS;DED_CLASS;EFFDT;DEDCD;PLAN_TYPE,"date/time(29,9) TransDate=Systimestamp();string(1,0) TransCode=IIF($pPurgeIndicator$='Y', 'P', IIF($pSourceChangeIndicator$='I','I',$pSourceChangeIndicator$));integer(10,0) SOURCEID=2;"
21,StgHrPs_Deduction_Tbl,StgHrPs_Deduction_Tbl,TeradataAzureViewsIICS,PS_DEDUCTION_TBL_PY,EFFDT;DEDCD;PLAN_TYPE,PS_DEDUCTION_TBL_PY,EFFDT;DEDCD;PLAN_TYPE,DailyExtractOracleStg2Teradata.param,$$PurgeIndicator,DTL__CAPXACTION,EFFDT=ASC;DEDCD=ASC;PLAN_TYPE=ASC;CDCROWID=ASC;DTL__CAPXTIMESTAMP=ASC;,EFFDT;DEDCD;PLAN_TYPE,"date/time(29,9) TransDate=Systimestamp();string(1,0) TransCode=IIF($pPurgeIndicator$='Y', 'P', IIF($pSourceChangeIndicator$='I','I',$pSourceChangeIndicator$));integer(10,0) SOURCEID=2;"
22,StgHrPs_Dept_Tbl,StgHrPs_Dept_Tbl,TeradataAzureViewsIICS,PS_DEPT_TBL_PY,EFFDT;DEPTID;SETID,PS_DEPT_TBL_PY,EFFDT;DEPTID;SETID,DailyExtractOracleStg2Teradata.param,$$PurgeIndicator,DTL__CAPXACTION,EFFDT=ASC;DEPTID=ASC;SETID=ASC;CDCROWID=ASC;DTL__CAPXTIMESTAMP=ASC;,EFFDT;DEPTID;SETID,"date/time(29,9) TransDate=Systimestamp();string(1,0) TransCode=IIF($pPurgeIndicator$='Y', 'P', IIF($pSourceChangeIndicator$='I','I',$pSourceChangeIndicator$));integer(10,0) SOURCEID=2;"
23,StgHrPs_Earnings_Tbl,StgHrPs_Earnings_Tbl,TeradataAzureViewsIICS,PS_EARNINGS_TBL_PY,EFFDT;ERNCD,PS_EARNINGS_TBL_PY,EFFDT;ERNCD,DailyExtractOracleStg2Teradata.param,$$PurgeIndicator,DTL__CAPXACTION,EFFDT=ASC;ERNCD=ASC;CDCROWID=ASC;DTL__CAPXTIMESTAMP=ASC;,EFFDT;ERNCD,"date/time(29,9) TransDate=Systimestamp();string(1,0) TransCode=IIF($pPurgeIndicator$='Y', 'P', IIF($pSourceChangeIndicator$='I','I',$pSourceChangeIndicator$));integer(10,0) SOURCEID=2;"
24,StgHrPs_Ern_Program_Def,StgHrPs_Ern_Program_Def,TeradataAzureViewsIICS,PS_ERN_PROGRAM_DEF_PY,ERNCD;EFFDT;ERN_PROGRAM,PS_ERN_PROGRAM_DEF_PY,ERNCD;EFFDT;ERN_PROGRAM,DailyExtractOracleStg2Teradata.param,$$PurgeIndicator,DTL__CAPXACTION,ERNCD=ASC;EFFDT=ASC;ERN_PROGRAM=ASC;CDCROWID=ASC;DTL__CAPXTIMESTAMP=ASC;,ERNCD;EFFDT;ERN_PROGRAM,"date/time(29,9) TransDate=Systimestamp();string(1,0) TransCode=IIF($pPurgeIndicator$='Y', 'P', IIF($pSourceChangeIndicator$='I','I',$pSourceChangeIndicator$));integer(10,0) SOURCEID=2;"
25,StgHrPs_Ern_Program_Tbl,StgHrPs_Ern_Program_Tbl,TeradataAzureViewsIICS,PS_ERN_PROGRAM_TBL_PY,ERN_PROGRAM;EFFDT,PS_ERN_PROGRAM_TBL_PY,ERN_PROGRAM;EFFDT,DailyExtractOracleStg2Teradata.param,$$PurgeIndicator,DTL__CAPXACTION,ERN_PROGRAM=ASC;EFFDT=ASC;CDCROWID=ASC;DTL__CAPXTIMESTAMP=ASC;,ERN_PROGRAM;EFFDT,"date/time(29,9) TransDate=Systimestamp();string(1,0) TransCode=IIF($pPurgeIndicator$='Y', 'P', IIF($pSourceChangeIndicator$='I','I',$pSourceChangeIndicator$));integer(10,0) SOURCEID=2;"
26,StgHrPs_Fo_Empl_Xref,StgHrPs_Fo_Empl_Xref,TeradataAzureViewsIICS,PS_FO_EMPL_XREF_PY,PBM_ASGN_ID,PS_FO_EMPL_XREF_PY,PBM_ASGN_ID,DailyExtractOracleStg2Teradata.param,$$PurgeIndicator,DTL__CAPXACTION,PBM_ASGN_ID=ASC;CDCROWID=ASC;DTL__CAPXTIMESTAMP=ASC;,PBM_ASGN_ID,"date/time(29,9) TransDate=Systimestamp();string(1,0) TransCode=IIF($pPurgeIndicator$='Y', 'P', IIF($pSourceChangeIndicator$='I','I',$pSourceChangeIndicator$));integer(10,0) SOURCEID=2;"
27,StgHrPs_Gl_Gen_History,StgHrPs_Gl_Gen_History,TeradataAzureViewsIICS,PS_GL_GEN_HISTORY_PY ,RUN_DT;SEQNUM,PS_GL_GEN_HISTORY_PY ,RUN_DT;SEQNUM,DailyExtractOracleStg2Teradata.param,$$PurgeIndicator,DTL__CAPXACTION,RUN_DT=ASC;SEQNUM=ASC;CDCROWID=ASC;DTL__CAPXTIMESTAMP=ASC;,RUN_DT;SEQNUM,"date/time(29,9) TransDate=Systimestamp();string(1,0) TransCode=IIF($pPurgeIndicator$='Y', 'P', IIF($pSourceChangeIndicator$='I','I',$pSourceChangeIndicator$));integer(10,0) SOURCEID=2;"
28,StgHrPs_Holiday_Date,StgHrPs_Holiday_Date,TeradataAzureViewsIICS,PS_HOLIDAY_DATE_PY,HOLIDAY;HOLIDAY_SCHEDULE,PS_HOLIDAY_DATE_PY,HOLIDAY;HOLIDAY_SCHEDULE,DailyExtractOracleStg2Teradata.param,$$PurgeIndicator,DTL__CAPXACTION,HOLIDAY=ASC;HOLIDAY_SCHEDULE=ASC;CDCROWID=ASC;DTL__CAPXTIMESTAMP=ASC;,HOLIDAY;HOLIDAY_SCHEDULE,"date/time(29,9) TransDate=Systimestamp();string(1,0) TransCode=IIF($pPurgeIndicator$='Y', 'P', IIF($pSourceChangeIndicator$='I','I',$pSourceChangeIndicator$));integer(10,0) SOURCEID=2;"
29,StgHrPs_Holiday_Tbl,StgHrPs_Holiday_Tbl,TeradataAzureViewsIICS,PS_HOLIDAY_TBL_PY,HOLIDAY_SCHEDULE,PS_HOLIDAY_TBL_PY,HOLIDAY_SCHEDULE,DailyExtractOracleStg2Teradata.param,$$PurgeIndicator,DTL__CAPXACTION,HOLIDAY_SCHEDULE=ASC;CDCROWID=ASC;DTL__CAPXTIMESTAMP=ASC;,HOLIDAY_SCHEDULE,"date/time(29,9) TransDate=Systimestamp();string(1,0) TransCode=IIF($pPurgeIndicator$='Y', 'P', IIF($pSourceChangeIndicator$='I','I',$pSourceChangeIndicator$));integer(10,0) SOURCEID=2;"
30,StgHrPs_Hr_Acctg_Line,StgHrPs_Hr_Acctg_Line,TeradataAzureViewsIICS,PS_HR_ACCTG_LINE_PY,LINE_NBR;SEQNUM;RUN_DT,PS_HR_ACCTG_LINE_PY,LINE_NBR;SEQNUM;RUN_DT,DailyExtractOracleStg2Teradata.param,$$PurgeIndicator,DTL__CAPXACTION,LINE_NBR=ASC;SEQNUM=ASC;RUN_DT=ASC;CDCROWID=ASC;DTL__CAPXTIMESTAMP=ASC;,LINE_NBR;SEQNUM;RUN_DT,"date/time(29,9) TransDate=Systimestamp();string(1,0) TransCode=IIF($pPurgeIndicator$='Y', 'P', IIF($pSourceChangeIndicator$='I','I',$pSourceChangeIndicator$));integer(10,0) SOURCEID=2;string(10,0) ACCOUNTS=ACCOUNT;"
31,StgHrPs_Job,StgHrPs_Job,TeradataAzureViewsIICS,PS_JOB_PY,EFFSEQ;EFFDT;EMPL_RCD;EMPLID,PS_JOB_PY,EFFSEQ;EFFDT;EMPL_RCD;EMPLID,DailyExtractOracleStg2Teradata.param,$$PurgeIndicator,DTL__CAPXACTION,EFFSEQ=ASC;EFFDT=ASC;EMPL_RCD=ASC;EMPLID=ASC;CDCROWID=ASC;DTL__CAPXTIMESTAMP=ASC;,EFFSEQ;EFFDT;EMPL_RCD;EMPLID,"date/time(29,9) TransDate=Systimestamp();string(1,0) TransCode=IIF($pPurgeIndicator$='Y', 'P', IIF($pSourceChangeIndicator$='I','I',$pSourceChangeIndicator$));integer(10,0) SOURCEID=2;"
32,StgHrPs_Job_Family_Tbl,StgHrPs_Job_Family_Tbl,TeradataAzureViewsIICS,PS_JOB_FAMILY_TBL_PY,EFFDT;JOB_FAMILY,PS_JOB_FAMILY_TBL_PY,EFFDT;JOB_FAMILY,DailyExtractOracleStg2Teradata.param,$$PurgeIndicator,DTL__CAPXACTION,EFFDT=ASC;JOB_FAMILY=ASC;CDCROWID=ASC;DTL__CAPXTIMESTAMP=ASC;,EFFDT;JOB_FAMILY,"date/time(29,9) TransDate=Systimestamp();string(1,0) TransCode=IIF($pPurgeIndicator$='Y', 'P', IIF($pSourceChangeIndicator$='I','I',$pSourceChangeIndicator$));integer(10,0) SOURCEID=2;"
33,StgHrPs_Jobcode_Tbl,StgHrPs_Jobcode_Tbl,TeradataAzureViewsIICS,PS_JOBCODE_TBL_PY,EFFDT;JOBCODE;SETID,PS_JOBCODE_TBL_PY,EFFDT;JOBCODE;SETID,DailyExtractOracleStg2Teradata.param,$$PurgeIndicator,DTL__CAPXACTION,EFFDT=ASC;JOBCODE=ASC;SETID=ASC;CDCROWID=ASC;DTL__CAPXTIMESTAMP=ASC;,EFFDT;JOBCODE;SETID,"date/time(29,9) TransDate=Systimestamp();string(1,0) TransCode=IIF($pPurgeIndicator$='Y', 'P', IIF($pSourceChangeIndicator$='I','I',$pSourceChangeIndicator$));integer(10,0) SOURCEID=2;"
34,StgHrPs_Kc_Aca_Elig_Tbl,StgHrPs_Kc_Aca_Elig_Tbl,TeradataAzureViewsIICS,PS_KC_ACA_ELIG_TBL_PY,EFFSEQ;EFFDT;EMPLID,PS_KC_ACA_ELIG_TBL_PY,EFFSEQ;EFFDT;EMPLID,DailyExtractOracleStg2Teradata.param,$$PurgeIndicator,DTL__CAPXACTION,EFFSEQ=ASC;EFFDT=ASC;EMPLID=ASC;CDCROWID=ASC;DTL__CAPXTIMESTAMP=ASC;,EFFSEQ;EFFDT;EMPLID,"date/time(29,9) TransDate=Systimestamp();string(1,0) TransCode=IIF($pPurgeIndicator$='Y', 'P', IIF($pSourceChangeIndicator$='I','I',$pSourceChangeIndicator$));integer(10,0) SOURCEID=2;"
35,StgHrPs_Kc_Aca_Stg_Tbl,StgHrPs_Kc_Aca_Stg_Tbl,TeradataAzureViewsIICS,PS_KC_ACA_STG_TBL_PY ,EFFSEQ;KC_SRC_ACT_EFFDT;KC_SRC_ORDER,PS_KC_ACA_STG_TBL_PY ,EFFSEQ;KC_SRC_ACT_EFFDT;KC_SRC_ORDER,DailyExtractOracleStg2Teradata.param,$$PurgeIndicator,DTL__CAPXACTION,EFFSEQ=ASC;KC_SRC_ACT_EFFDT=ASC;KC_SRC_ORDER=ASC;CDCROWID=ASC;DTL__CAPXTIMESTAMP=ASC;,EFFSEQ;KC_SRC_ACT_EFFDT;KC_SRC_ORDER,"date/time(29,9) TransDate=Systimestamp();string(1,0) TransCode=IIF($pPurgeIndicator$='Y', 'P', IIF($pSourceChangeIndicator$='I','I',$pSourceChangeIndicator$));integer(10,0) SOURCEID=2;"
36,StgHrPs_Kc_Ee_Intfc_Xrf,StgHrPs_Kc_Ee_Intfc_Xrf,TeradataAzureViewsIICS,PS_KC_EE_INTFC_XRF_PY,EMPLID,PS_KC_EE_INTFC_XRF_PY,EMPLID,DailyExtractOracleStg2Teradata.param,$$PurgeIndicator,DTL__CAPXACTION,EMPLID=ASC;CDCROWID=ASC;DTL__CAPXTIMESTAMP=ASC;,EMPLID,"date/time(29,9) TransDate=Systimestamp();string(1,0) TransCode=IIF($pPurgeIndicator$='Y', 'P', IIF($pSourceChangeIndicator$='I','I',$pSourceChangeIndicator$));integer(10,0) SOURCEID=2;"
37,StgHrPs_Kc_Hov_Enrl_Tbl,StgHrPs_Kc_Hov_Enrl_Tbl,TeradataAzureViewsIICS,ps_kc_hov_enrl_tbl_py,ALTER_EMPLID,ps_kc_hov_enrl_tbl_py,ALTER_EMPLID,DailyExtractOracleStg2Teradata.param,$$PurgeIndicator,DTL__CAPXACTION,ALTER_EMPLID=ASC;CDCROWID=ASC;DTL__CAPXTIMESTAMP=ASC;,ALTER_EMPLID,"date/time(29,9) TransDate=Systimestamp();string(1,0) TransCode=IIF($pPurgeIndicator$='Y', 'P', IIF($pSourceChangeIndicator$='I','I',$pSourceChangeIndicator$));integer(10,0) SOURCEID=2;"
38,StgHrPs_Kc_Hov_Rpt_Tbl,StgHrPs_Kc_Hov_Rpt_Tbl,TeradataAzureViewsIICS,PS_KC_HOV_RPT_TBL_PY ,ALTER_EMPLID,PS_KC_HOV_RPT_TBL_PY ,ALTER_EMPLID,DailyExtractOracleStg2Teradata.param,$$PurgeIndicator,DTL__CAPXACTION,ALTER_EMPLID=ASC;CDCROWID=ASC;DTL__CAPXTIMESTAMP=ASC;,ALTER_EMPLID,"date/time(29,9) TransDate=Systimestamp();string(1,0) TransCode=IIF($pPurgeIndicator$='Y', 'P', IIF($pSourceChangeIndicator$='I','I',$pSourceChangeIndicator$));integer(10,0) SOURCEID=2;"
39,StgHrPs_Kc_Hov_User_Tbl,StgHrPs_Kc_Hov_User_Tbl,TeradataAzureViewsIICS,ps_kc_hov_user_tbl_py,ALTER_EMPLID,ps_kc_hov_user_tbl_py,ALTER_EMPLID,DailyExtractOracleStg2Teradata.param,$$PurgeIndicator,DTL__CAPXACTION,ALTER_EMPLID=ASC;CDCROWID=ASC;DTL__CAPXTIMESTAMP=ASC;,ALTER_EMPLID,"date/time(29,9) TransDate=Systimestamp();string(1,0) TransCode=IIF($pPurgeIndicator$='Y', 'P', IIF($pSourceChangeIndicator$='I','I',$pSourceChangeIndicator$));integer(10,0) SOURCEID=2;"
40,StgHrPs_Kc_Hr_Acctg_Lnk,StgHrPs_Kc_Hr_Acctg_Lnk,TeradataAzureViewsIICS,PS_KC_HR_ACCTG_LNK_PY,LINE_NBR;SEQNUM;RUN_DT,PS_KC_HR_ACCTG_LNK_PY,LINE_NBR;SEQNUM;RUN_DT,DailyExtractOracleStg2Teradata.param,$$PurgeIndicator,DTL__CAPXACTION,LINE_NBR=ASC;SEQNUM=ASC;RUN_DT=ASC;CDCROWID=ASC;DTL__CAPXTIMESTAMP=ASC;,LINE_NBR;SEQNUM;RUN_DT,"date/time(29,9) TransDate=Systimestamp();string(1,0) TransCode=IIF($pPurgeIndicator$='Y', 'P', IIF($pSourceChangeIndicator$='I','I',$pSourceChangeIndicator$));integer(10,0) SOURCEID=2;"
41,StgHrPs_Kc_Hr0008_Tbl,StgHrPs_Kc_Hr0008_Tbl,TeradataAzureViewsIICS,PS_KC_HR0008_TBL_PY,HOLIDAY;EMPL_RCD;EMPLID;PROCESS_INSTANCE,PS_KC_HR0008_TBL_PY,HOLIDAY;EMPL_RCD;EMPLID;PROCESS_INSTANCE,DailyExtractOracleStg2Teradata.param,$$PurgeIndicator,DTL__CAPXACTION,HOLIDAY=ASC;EMPL_RCD=ASC;EMPLID=ASC;PROCESS_INSTANCE=ASC;CDCROWID=ASC;DTL__CAPXTIMESTAMP=ASC;,HOLIDAY;EMPL_RCD;EMPLID;PROCESS_INSTANCE,"date/time(29,9) TransDate=Systimestamp();string(1,0) TransCode=IIF($pPurgeIndicator$='Y', 'P', IIF($pSourceChangeIndicator$='I','I',$pSourceChangeIndicator$));integer(10,0) SOURCEID=2;string(1,0) ERRORES=ERROR;"
42,StgHrPs_Kc_Hr0067_Op,StgHrPs_Kc_Hr0067_Op,TeradataAzureViewsIICS,PS_KC_HR0067_OP_PY,DEPTID;CUST_ID;EMPLID;EMPL_RCD;ASOFDATE,PS_KC_HR0067_OP_PY,DEPTID;CUST_ID;EMPLID;EMPL_RCD;ASOFDATE,DailyExtractOracleStg2Teradata.param,$$PurgeIndicator,DTL__CAPXACTION,DEPTID=ASC;CUST_ID=ASC;EMPLID=ASC;EMPL_RCD=ASC;ASOFDATE=ASC;CDCROWID=ASC;DTL__CAPXTIMESTAMP=ASC;,DEPTID;CUST_ID;EMPLID;EMPL_RCD;ASOFDATE,"date/time(29,9) TransDate=Systimestamp();string(1,0) TransCode=IIF($pPurgeIndicator$='Y', 'P', IIF($pSourceChangeIndicator$='I','I',$pSourceChangeIndicator$));integer(10,0) SOURCEID=2;"
43,StgHrPs_Kc_Hr0087A_Defn,StgHrPs_Kc_Hr0087A_Defn,TeradataAzureViewsIICS,PS_KC_HR0087A_DEFN_PY,ACTUAL_HOURS;KC_TIER_XLAT;KC_EVAL_END_DT;KC_EVAL_BGN_DT;KC_SB_SUB_PLAN;KC_SB_PLAN_TYPE;YEARCD,PS_KC_HR0087A_DEFN_PY,ACTUAL_HOURS;KC_TIER_XLAT;KC_EVAL_END_DT;KC_EVAL_BGN_DT;KC_SB_SUB_PLAN;KC_SB_PLAN_TYPE;YEARCD,DailyExtractOracleStg2Teradata.param,$$PurgeIndicator,DTL__CAPXACTION,ACTUAL_HOURS=ASC;KC_TIER_XLAT=ASC;KC_EVAL_END_DT=ASC;KC_EVAL_BGN_DT=ASC;KC_SB_SUB_PLAN=ASC;KC_SB_PLAN_TYPE=ASC;YEARCD=ASC;CDCROWID=ASC;DTL__CAPXTIMESTAMP=ASC;,ACTUAL_HOURS;KC_TIER_XLAT;KC_EVAL_END_DT;KC_EVAL_BGN_DT;KC_SB_SUB_PLAN;KC_SB_PLAN_TYPE;YEARCD,"date/time(29,9) TransDate=Systimestamp();string(1,0) TransCode=IIF($pPurgeIndicator$='Y', 'P', IIF($pSourceChangeIndicator$='I','I',$pSourceChangeIndicator$));integer(10,0) SOURCEID=2;"
44,StgHrPs_Kc_Sb_Exception,StgHrPs_Kc_Sb_Exception,TeradataAzureViewsIICS,PS_KC_SB_EXCEPTION_PY,EFF_STATUS;EFFDT;DEPTID;CUST_ID,PS_KC_SB_EXCEPTION_PY,EFF_STATUS;EFFDT;DEPTID;CUST_ID,DailyExtractOracleStg2Teradata.param,$$PurgeIndicator,DTL__CAPXACTION,EFF_STATUS=ASC;EFFDT=ASC;DEPTID=ASC;CUST_ID=ASC;CDCROWID=ASC;DTL__CAPXTIMESTAMP=ASC;,EFF_STATUS;EFFDT;DEPTID;CUST_ID,"date/time(29,9) TransDate=Systimestamp();string(1,0) TransCode=IIF($pPurgeIndicator$='Y', 'P', IIF($pSourceChangeIndicator$='I','I',$pSourceChangeIndicator$));integer(10,0) SOURCEID=2;"
45,StgHrPs_Kc_Sb_Pymnt_Tbl,StgHrPs_Kc_Sb_Pymnt_Tbl,TeradataAzureViewsIICS,PS_KC_SB_PYMNT_TBL_PY,PAY_END_DT;KC_TIER_XLAT;KC_SB_SUB_PLAN;KC_SB_PLAN_TYPE;EMPL_RCD;EMPLID;YEARCD,PS_KC_SB_PYMNT_TBL_PY,PAY_END_DT;KC_TIER_XLAT;KC_SB_SUB_PLAN;KC_SB_PLAN_TYPE;EMPL_RCD;EMPLID;YEARCD,DailyExtractOracleStg2Teradata.param,$$PurgeIndicator,DTL__CAPXACTION,PAY_END_DT=ASC;KC_TIER_XLAT=ASC;KC_SB_SUB_PLAN=ASC;KC_SB_PLAN_TYPE=ASC;EMPL_RCD=ASC;EMPLID=ASC;YEARCD=ASC;CDCROWID=ASC;DTL__CAPXTIMESTAMP=ASC;,PAY_END_DT;KC_TIER_XLAT;KC_SB_SUB_PLAN;KC_SB_PLAN_TYPE;EMPL_RCD;EMPLID;YEARCD,"date/time(29,9) TransDate=Systimestamp();string(1,0) TransCode=IIF($pPurgeIndicator$='Y', 'P', IIF($pSourceChangeIndicator$='I','I',$pSourceChangeIndicator$));integer(10,0) SOURCEID=2;"
46,StgHrPs_Kc_Unpd_Lv_Tbl,StgHrPs_Kc_Unpd_Lv_Tbl,TeradataAzureViewsIICS,PS_KC_UNPD_LV_TBL_PY ,KC_ACA_UNPD_LV_CD;WEEK_END_DT;EMPLID,PS_KC_UNPD_LV_TBL_PY ,KC_ACA_UNPD_LV_CD;WEEK_END_DT;EMPLID,DailyExtractOracleStg2Teradata.param,$$PurgeIndicator,DTL__CAPXACTION,KC_ACA_UNPD_LV_CD=ASC;WEEK_END_DT=ASC;EMPLID=ASC;CDCROWID=ASC;DTL__CAPXTIMESTAMP=ASC;,KC_ACA_UNPD_LV_CD;WEEK_END_DT;EMPLID,"date/time(29,9) TransDate=Systimestamp();string(1,0) TransCode=IIF($pPurgeIndicator$='Y', 'P', IIF($pSourceChangeIndicator$='I','I',$pSourceChangeIndicator$));integer(10,0) SOURCEID=2;"
47,StgHrPs_Kc_Us_Hol_Tbl,StgHrPs_Kc_Us_Hol_Tbl,TeradataAzureViewsIICS,PS_KC_US_HOL_TBL_PY,HOLIDAY;KC_HOLIDAY_NAME;EMPLID,PS_KC_US_HOL_TBL_PY,HOLIDAY;KC_HOLIDAY_NAME;EMPLID,DailyExtractOracleStg2Teradata.param,$$PurgeIndicator,DTL__CAPXACTION,HOLIDAY=ASC;KC_HOLIDAY_NAME=ASC;EMPLID=ASC;CDCROWID=ASC;DTL__CAPXTIMESTAMP=ASC;,HOLIDAY;KC_HOLIDAY_NAME;EMPLID,"date/time(29,9) TransDate=Systimestamp();string(1,0) TransCode=IIF($pPurgeIndicator$='Y', 'P', IIF($pSourceChangeIndicator$='I','I',$pSourceChangeIndicator$));integer(10,0) SOURCEID=2;"
48,StgHrPs_Kc_Usholpay_Def,StgHrPs_Kc_Usholpay_Def,TeradataAzureViewsIICS,PS_KC_USHOLPAY_DEF_PY,HOLIDAY;KC_HOLIDAY_NAME;DESCR30;WEEKS_OF_INSTRUCT;KC_HOL_PLAN_TYPE;YEARCD,PS_KC_USHOLPAY_DEF_PY,HOLIDAY;KC_HOLIDAY_NAME;DESCR30;WEEKS_OF_INSTRUCT;KC_HOL_PLAN_TYPE;YEARCD,DailyExtractOracleStg2Teradata.param,$$PurgeIndicator,DTL__CAPXACTION,HOLIDAY=ASC;KC_HOLIDAY_NAME=ASC;DESCR30=ASC;WEEKS_OF_INSTRUCT=ASC;KC_HOL_PLAN_TYPE=ASC;YEARCD=ASC;CDCROWID=ASC;DTL__CAPXTIMESTAMP=ASC;,HOLIDAY;KC_HOLIDAY_NAME;DESCR30;WEEKS_OF_INSTRUCT;KC_HOL_PLAN_TYPE;YEARCD,"date/time(29,9) TransDate=Systimestamp();string(1,0) TransCode=IIF($pPurgeIndicator$='Y', 'P', IIF($pSourceChangeIndicator$='I','I',$pSourceChangeIndicator$));integer(10,0) SOURCEID=2;"
49,StgHrPs_Kc_Xref_Tbl,StgHrPs_Kc_Xref_Tbl,TeradataAzureViewsIICS,PS_KC_XREF_TBL_PY,EFFDT;KC_SOURCE_VALUE;KC_XREF_TYPE;KC_EXT_SYSTEM,PS_KC_XREF_TBL_PY,EFFDT;KC_SOURCE_VALUE;KC_XREF_TYPE;KC_EXT_SYSTEM,DailyExtractOracleStg2Teradata.param,$$PurgeIndicator,DTL__CAPXACTION,EFFDT=ASC;KC_SOURCE_VALUE=ASC;KC_XREF_TYPE=ASC;KC_EXT_SYSTEM=ASC;CDCROWID=ASC;DTL__CAPXTIMESTAMP=ASC;,EFFDT;KC_SOURCE_VALUE;KC_XREF_TYPE;KC_EXT_SYSTEM,"date/time(29,9) TransDate=Systimestamp();string(1,0) TransCode=IIF($pPurgeIndicator$='Y', 'P', IIF($pSourceChangeIndicator$='I','I',$pSourceChangeIndicator$));integer(10,0) SOURCEID=2;"
50,StgHrPs_Kceeintfcxrfarc,StgHrPs_Kceeintfcxrfarc,TeradataAzureViewsIICS,PS_KCEEINTFCXRFARC_PY,EMPLID,PS_KCEEINTFCXRFARC_PY,EMPLID,DailyExtractOracleStg2Teradata.param,$$PurgeIndicator,DTL__CAPXACTION,EMPLID=ASC;CDCROWID=ASC;DTL__CAPXTIMESTAMP=ASC;,EMPLID,"date/time(29,9) TransDate=Systimestamp();string(1,0) TransCode=IIF($pPurgeIndicator$='Y', 'P', IIF($pSourceChangeIndicator$='I','I',$pSourceChangeIndicator$));integer(10,0) SOURCEID=2;"
51,StgHrPs_Pay_Calendar,StgHrPs_Pay_Calendar,TeradataAzureViewsIICS,PS_PAY_CALENDAR_PY,COMPANY;PAY_END_DT;PAYGROUP,PS_PAY_CALENDAR_PY,COMPANY;PAY_END_DT;PAYGROUP,DailyExtractOracleStg2Teradata.param,$$PurgeIndicator,DTL__CAPXACTION,COMPANY=ASC;PAY_END_DT=ASC;PAYGROUP=ASC;CDCROWID=ASC;DTL__CAPXTIMESTAMP=ASC;,COMPANY;PAY_END_DT;PAYGROUP,"date/time(29,9) TransDate=Systimestamp();string(1,0) TransCode=IIF($pPurgeIndicator$='Y', 'P', IIF($pSourceChangeIndicator$='I','I',$pSourceChangeIndicator$));integer(10,0) SOURCEID=2;"
52,StgHrPs_Pay_Check,StgHrPs_Pay_Check,TeradataAzureViewsIICS,PS_PAY_CHECK_PY,COMPANY;SEPCHK;LINE_NUM;PAGE_NUM;OFF_CYCLE;PAY_END_DT;PAYGROUP,PS_PAY_CHECK_PY,COMPANY;SEPCHK;LINE_NUM;PAGE_NUM;OFF_CYCLE;PAY_END_DT;PAYGROUP,DailyExtractOracleStg2Teradata.param,$$PurgeIndicator,DTL__CAPXACTION,COMPANY=ASC;SEPCHK=ASC;LINE_NUM=ASC;PAGE_NUM=ASC;OFF_CYCLE=ASC;PAY_END_DT=ASC;PAYGROUP=ASC;CDCROWID=ASC;DTL__CAPXTIMESTAMP=ASC;,COMPANY;SEPCHK;LINE_NUM;PAGE_NUM;OFF_CYCLE;PAY_END_DT;PAYGROUP,"date/time(29,9) TransDate=Systimestamp();string(1,0) TransCode=IIF($pPurgeIndicator$='Y', 'P', IIF($pSourceChangeIndicator$='I','I',$pSourceChangeIndicator$));integer(10,0) SOURCEID=2;string(150,0) NAMES=NAME;string(27,0) SINS=SIN;"
53,StgHrPs_Pay_Check_Dead,StgHrPs_Pay_Check_Dead,TeradataAzureViewsIICS,PS_PAY_CHECK_DEAD_PY ,FORM_ID;PAYCHECK_NBR;DEAD_CHECK_REASON,PS_PAY_CHECK_DEAD_PY ,FORM_ID;PAYCHECK_NBR;DEAD_CHECK_REASON,DailyExtractOracleStg2Teradata.param,$$PurgeIndicator,DTL__CAPXACTION,FORM_ID=ASC;PAYCHECK_NBR=ASC;DEAD_CHECK_REASON=ASC;CDCROWID=ASC;DTL__CAPXTIMESTAMP=ASC;,FORM_ID;PAYCHECK_NBR;DEAD_CHECK_REASON,"date/time(29,9) TransDate=Systimestamp();string(1,0) TransCode=IIF($pPurgeIndicator$='Y', 'P', IIF($pSourceChangeIndicator$='I','I',$pSourceChangeIndicator$));integer(10,0) SOURCEID=2;"
54,StgHrPs_Pay_Deduction,StgHrPs_Pay_Deduction,TeradataAzureViewsIICS,PS_PAY_DEDUCTION_PY,DED_SLSTX_CLASS;DED_CLASS;DEDCD;BENEFIT_PLAN;PLAN_TYPE;BENEFIT_RCD_NBR;SEPCHK;LINE_NUM;PAGE_NUM;OFF_CYCLE;PAY_END_DT;PAYGROUP;COMPANY,PS_PAY_DEDUCTION_PY,DED_SLSTX_CLASS;DED_CLASS;DEDCD;BENEFIT_PLAN;PLAN_TYPE;BENEFIT_RCD_NBR;SEPCHK;LINE_NUM;PAGE_NUM;OFF_CYCLE;PAY_END_DT;PAYGROUP;COMPANY,DailyExtractOracleStg2Teradata.param,$$PurgeIndicator,DTL__CAPXACTION,DED_SLSTX_CLASS=ASC;DED_CLASS=ASC;DEDCD=ASC;BENEFIT_PLAN=ASC;PLAN_TYPE=ASC;BENEFIT_RCD_NBR=ASC;SEPCHK=ASC;LINE_NUM=ASC;PAGE_NUM=ASC;OFF_CYCLE=ASC;PAY_END_DT=ASC;PAYGROUP=ASC;COMPANY=ASC;CDCROWID=ASC;DTL__CAPXTIMESTAMP=ASC;,DED_SLSTX_CLASS;DED_CLASS;DEDCD;BENEFIT_PLAN;PLAN_TYPE;BENEFIT_RCD_NBR;SEPCHK;LINE_NUM;PAGE_NUM;OFF_CYCLE;PAY_END_DT;PAYGROUP;COMPANY,"date/time(29,9) TransDate=Systimestamp();string(1,0) TransCode=IIF($pPurgeIndicator$='Y', 'P', IIF($pSourceChangeIndicator$='I','I',$pSourceChangeIndicator$));integer(10,0) SOURCEID=2;"
55,StgHrPs_Pay_Earnings,StgHrPs_Pay_Earnings,TeradataAzureViewsIICS,PS_PAY_EARNINGS_PY,COMPANY;ADDL_NBR;LINE_NUM;PAGE_NUM;OFF_CYCLE;PAY_END_DT;PAYGROUP,PS_PAY_EARNINGS_PY,COMPANY;ADDL_NBR;LINE_NUM;PAGE_NUM;OFF_CYCLE;PAY_END_DT;PAYGROUP,DailyExtractOracleStg2Teradata.param,$$PurgeIndicator,DTL__CAPXACTION,COMPANY=ASC;ADDL_NBR=ASC;LINE_NUM=ASC;PAGE_NUM=ASC;OFF_CYCLE=ASC;PAY_END_DT=ASC;PAYGROUP=ASC;CDCROWID=ASC;DTL__CAPXTIMESTAMP=ASC;,COMPANY;ADDL_NBR;LINE_NUM;PAGE_NUM;OFF_CYCLE;PAY_END_DT;PAYGROUP,"date/time(29,9) TransDate=Systimestamp();string(1,0) TransCode=IIF($pPurgeIndicator$='Y', 'P', IIF($pSourceChangeIndicator$='I','I',$pSourceChangeIndicator$));integer(10,0) SOURCEID=2;"
56,StgHrPs_Pay_Na_Ctx_Dist,StgHrPs_Pay_Na_Ctx_Dist,TeradataAzureViewsIICS,PS_PAY_NA_CTX_DIST_PY,COMPANY;PAYGROUP;PAY_END_DT;OFF_CYCLE;PAGE_NUM;LINE_NUM;SEPCHK;PROVINCE;TAX_CLASS_CAN;PY_LIABEXPFLG;ACCT_CD;SEQNO,PS_PAY_NA_CTX_DIST_PY,COMPANY;PAYGROUP;PAY_END_DT;OFF_CYCLE;PAGE_NUM;LINE_NUM;SEPCHK;PROVINCE;TAX_CLASS_CAN;PY_LIABEXPFLG;ACCT_CD;SEQNO,DailyExtractOracleStg2Teradata.param,$$PurgeIndicator,DTL__CAPXACTION,COMPANY=ASC;PAYGROUP=ASC;PAY_END_DT=ASC;OFF_CYCLE=ASC;PAGE_NUM=ASC;LINE_NUM=ASC;SEPCHK=ASC;PROVINCE=ASC;TAX_CLASS_CAN=ASC;PY_LIABEXPFLG=ASC;ACCT_CD=ASC;SEQNO=ASC;CDCROWID=ASC;DTL__CAPXTIMESTAMP=ASC;,COMPANY;PAYGROUP;PAY_END_DT;OFF_CYCLE;PAGE_NUM;LINE_NUM;SEPCHK;PROVINCE;TAX_CLASS_CAN;PY_LIABEXPFLG;ACCT_CD;SEQNO,"date/time(29,9) TransDate=Systimestamp();string(1,0) TransCode=IIF($pPurgeIndicator$='Y', 'P', IIF($pSourceChangeIndicator$='I','I',$pSourceChangeIndicator$));integer(10,0) SOURCEID=2;string(10,0) ACCOUNTS=ACCOUNT;"
57,StgHrPs_Pay_Na_Tax_Dist,StgHrPs_Pay_Na_Tax_Dist,TeradataAzureViewsIICS,PS_PAY_NA_TAX_DIST_PY,COMPANY;PAYGROUP;PAY_END_DT;OFF_CYCLE;PAGE_NUM;LINE_NUM;SEPCHK;STATE;LOCALITY;TAX_CLASS;WORK_PSD_CD;PY_LIABEXPFLG;ACCT_CD;SEQNO,PS_PAY_NA_TAX_DIST_PY,COMPANY;PAYGROUP;PAY_END_DT;OFF_CYCLE;PAGE_NUM;LINE_NUM;SEPCHK;STATE;LOCALITY;TAX_CLASS;WORK_PSD_CD;PY_LIABEXPFLG;ACCT_CD;SEQNO,DailyExtractOracleStg2Teradata.param,$$PurgeIndicator,DTL__CAPXACTION,COMPANY=ASC;PAYGROUP=ASC;PAY_END_DT=ASC;OFF_CYCLE=ASC;PAGE_NUM=ASC;LINE_NUM=ASC;SEPCHK=ASC;STATE=ASC;LOCALITY=ASC;TAX_CLASS=ASC;WORK_PSD_CD=ASC;PY_LIABEXPFLG=ASC;ACCT_CD=ASC;SEQNO=ASC;CDCROWID=ASC;DTL__CAPXTIMESTAMP=ASC;,COMPANY;PAYGROUP;PAY_END_DT;OFF_CYCLE;PAGE_NUM;LINE_NUM;SEPCHK;STATE;LOCALITY;TAX_CLASS;WORK_PSD_CD;PY_LIABEXPFLG;ACCT_CD;SEQNO,"date/time(29,9) TransDate=Systimestamp();string(1,0) TransCode=IIF($pPurgeIndicator$='Y', 'P', IIF($pSourceChangeIndicator$='I','I',$pSourceChangeIndicator$));integer(10,0) SOURCEID=2;string(10,0) ACCOUNTS=ACCOUNT;"
58,StgHrPs_Pay_Oth_Earns,StgHrPs_Pay_Oth_Earns,TeradataAzureViewsIICS,PS_PAY_OTH_EARNS_PY,ERNCD;ADDL_NBR;LINE_NUM;PAGE_NUM;OFF_CYCLE;PAY_END_DT;PAYGROUP;COMPANY,PS_PAY_OTH_EARNS_PY,ERNCD;ADDL_NBR;LINE_NUM;PAGE_NUM;OFF_CYCLE;PAY_END_DT;PAYGROUP;COMPANY,DailyExtractOracleStg2Teradata.param,$$PurgeIndicator,DTL__CAPXACTION,ERNCD=ASC;ADDL_NBR=ASC;LINE_NUM=ASC;PAGE_NUM=ASC;OFF_CYCLE=ASC;PAY_END_DT=ASC;PAYGROUP=ASC;COMPANY=ASC;CDCROWID=ASC;DTL__CAPXTIMESTAMP=ASC;,ERNCD;ADDL_NBR;LINE_NUM;PAGE_NUM;OFF_CYCLE;PAY_END_DT;PAYGROUP;COMPANY,"date/time(29,9) TransDate=Systimestamp();string(1,0) TransCode=IIF($pPurgeIndicator$='Y', 'P', IIF($pSourceChangeIndicator$='I','I',$pSourceChangeIndicator$));integer(10,0) SOURCEID=2;"
59,StgHrPs_Pay_Tax,StgHrPs_Pay_Tax,TeradataAzureViewsIICS,PS_PAY_TAX_PY,COMPANY;RES_PSD_CD;WORK_PSD_CD;TAX_CLASS;LOCALITY;STATE;SEPCHK;LINE_NUM;PAGE_NUM;OFF_CYCLE;PAY_END_DT;PAYGROUP,PS_PAY_TAX_PY,COMPANY;RES_PSD_CD;WORK_PSD_CD;TAX_CLASS;LOCALITY;STATE;SEPCHK;LINE_NUM;PAGE_NUM;OFF_CYCLE;PAY_END_DT;PAYGROUP,DailyExtractOracleStg2Teradata.param,$$PurgeIndicator,DTL__CAPXACTION,COMPANY=ASC;RES_PSD_CD=ASC;WORK_PSD_CD=ASC;TAX_CLASS=ASC;LOCALITY=ASC;STATE=ASC;SEPCHK=ASC;LINE_NUM=ASC;PAGE_NUM=ASC;OFF_CYCLE=ASC;PAY_END_DT=ASC;PAYGROUP=ASC;CDCROWID=ASC;DTL__CAPXTIMESTAMP=ASC;,COMPANY;RES_PSD_CD;WORK_PSD_CD;TAX_CLASS;LOCALITY;STATE;SEPCHK;LINE_NUM;PAGE_NUM;OFF_CYCLE;PAY_END_DT;PAYGROUP,"date/time(29,9) TransDate=Systimestamp();string(1,0) TransCode=IIF($pPurgeIndicator$='Y', 'P', IIF($pSourceChangeIndicator$='I','I',$pSourceChangeIndicator$));integer(10,0) SOURCEID=2;"
60,StgHrPs_Pay_Tax_Can,StgHrPs_Pay_Tax_Can,TeradataAzureViewsIICS,PS_PAY_TAX_CAN_PY,TAX_CLASS_CAN;PROVINCE;SEPCHK;LINE_NUM;PAGE_NUM;OFF_CYCLE;PAY_END_DT;PAYGROUP;COMPANY,PS_PAY_TAX_CAN_PY,TAX_CLASS_CAN;PROVINCE;SEPCHK;LINE_NUM;PAGE_NUM;OFF_CYCLE;PAY_END_DT;PAYGROUP;COMPANY,DailyExtractOracleStg2Teradata.param,$$PurgeIndicator,DTL__CAPXACTION,TAX_CLASS_CAN=ASC;PROVINCE=ASC;SEPCHK=ASC;LINE_NUM=ASC;PAGE_NUM=ASC;OFF_CYCLE=ASC;PAY_END_DT=ASC;PAYGROUP=ASC;COMPANY=ASC;CDCROWID=ASC;DTL__CAPXTIMESTAMP=ASC;,TAX_CLASS_CAN;PROVINCE;SEPCHK;LINE_NUM;PAGE_NUM;OFF_CYCLE;PAY_END_DT;PAYGROUP;COMPANY,"date/time(29,9) TransDate=Systimestamp();string(1,0) TransCode=IIF($pPurgeIndicator$='Y', 'P', IIF($pSourceChangeIndicator$='I','I',$pSourceChangeIndicator$));integer(10,0) SOURCEID=2;"
61,StgHrPs_Pers_Nid,StgHrPs_Pers_Nid,TeradataAzureViewsIICS,PS_PERS_NID_PY,NATIONAL_ID_TYPE;COUNTRY;EMPLID,PS_PERS_NID_PY,NATIONAL_ID_TYPE;COUNTRY;EMPLID,DailyExtractOracleStg2Teradata.param,$$PurgeIndicator,DTL__CAPXACTION,NATIONAL_ID_TYPE=ASC;COUNTRY=ASC;EMPLID=ASC;CDCROWID=ASC;DTL__CAPXTIMESTAMP=ASC;,NATIONAL_ID_TYPE;COUNTRY;EMPLID,"date/time(29,9) TransDate=Systimestamp();string(1,0) TransCode=IIF($pPurgeIndicator$='Y', 'P', IIF($pSourceChangeIndicator$='I','I',$pSourceChangeIndicator$));integer(10,0) SOURCEID=2;"
62,StgHrPs_Personal_Data,StgHrPs_Personal_Data,TeradataAzureViewsIICS,PS_PERSONAL_DATA_PY,EMPLID,PS_PERSONAL_DATA_PY,EMPLID,DailyExtractOracleStg2Teradata.param,$$PurgeIndicator,DTL__CAPXACTION,EMPLID=ASC;CDCROWID=ASC;DTL__CAPXTIMESTAMP=ASC;,EMPLID,"date/time(29,9) TransDate=Systimestamp();string(1,0) TransCode=IIF($pPurgeIndicator$='Y', 'P', IIF($pSourceChangeIndicator$='I','I',$pSourceChangeIndicator$));integer(10,0) SOURCEID=2;string(1,0) DISABLE=DISABLED;"
63,StgHrPs_Product_Tbl,StgHrPs_Product_Tbl,TeradataAzureViewsIICS,PS_PRODUCT_TBL_PY,EFFDT;PRODUCT;SETID,PS_PRODUCT_TBL_PY,EFFDT;PRODUCT;SETID,DailyExtractOracleStg2Teradata.param,$$PurgeIndicator,DTL__CAPXACTION,EFFDT=ASC;PRODUCT=ASC;SETID=ASC;CDCROWID=ASC;DTL__CAPXTIMESTAMP=ASC;,EFFDT;PRODUCT;SETID,"date/time(29,9) TransDate=Systimestamp();string(1,0) TransCode=IIF($pPurgeIndicator$='Y', 'P', IIF($pSourceChangeIndicator$='I','I',$pSourceChangeIndicator$));integer(10,0) SOURCEID=2;"
64,StgHrPs_Pygl_Activernmp,StgHrPs_Pygl_Activernmp,TeradataAzureViewsIICS,PS_PYGL_ACTIVERNMP_PY,COMPANY;PYGL_GROUPNAME;EFFDT;ERNCD,PS_PYGL_ACTIVERNMP_PY,COMPANY;PYGL_GROUPNAME;EFFDT;ERNCD,DailyExtractOracleStg2Teradata.param,$$PurgeIndicator,DTL__CAPXACTION,COMPANY=ASC;PYGL_GROUPNAME=ASC;EFFDT=ASC;ERNCD=ASC;CDCROWID=ASC;DTL__CAPXTIMESTAMP=ASC;,COMPANY;PYGL_GROUPNAME;EFFDT;ERNCD,"date/time(29,9) TransDate=Systimestamp();string(1,0) TransCode=IIF($pPurgeIndicator$='Y', 'P', IIF($pSourceChangeIndicator$='I','I',$pSourceChangeIndicator$));integer(10,0) SOURCEID=2;"
65,StgHrPs_Pygl_Activtaxmp,StgHrPs_Pygl_Activtaxmp,TeradataAzureViewsIICS,PS_PYGL_ACTIVTAXMP_PY,COMPANY;PYGL_GROUPNAME;EFFDT;PYGL_TAX_COUNTRY;STATE;LOCALITY;WAGE_LOSS_PLAN;PYGL_TAX_CLASS,PS_PYGL_ACTIVTAXMP_PY,COMPANY;PYGL_GROUPNAME;EFFDT;PYGL_TAX_COUNTRY;STATE;LOCALITY;WAGE_LOSS_PLAN;PYGL_TAX_CLASS,DailyExtractOracleStg2Teradata.param,$$PurgeIndicator,DTL__CAPXACTION,COMPANY=ASC;PYGL_GROUPNAME=ASC;EFFDT=ASC;PYGL_TAX_COUNTRY=ASC;STATE=ASC;LOCALITY=ASC;WAGE_LOSS_PLAN=ASC;PYGL_TAX_CLASS=ASC;CDCROWID=ASC;DTL__CAPXTIMESTAMP=ASC;,COMPANY;PYGL_GROUPNAME;EFFDT;PYGL_TAX_COUNTRY;STATE;LOCALITY;WAGE_LOSS_PLAN;PYGL_TAX_CLASS,"date/time(29,9) TransDate=Systimestamp();string(1,0) TransCode=IIF($pPurgeIndicator$='Y', 'P', IIF($pSourceChangeIndicator$='I','I',$pSourceChangeIndicator$));integer(10,0) SOURCEID=2;"
66,StgHrPs_St_Oth_Tax_Tbl,StgHrPs_St_Oth_Tax_Tbl,TeradataAzureViewsIICS,PS_ST_OTH_TAX_TBL_PY ,TAX_CLASS;EFFDT;STATE,PS_ST_OTH_TAX_TBL_PY ,TAX_CLASS;EFFDT;STATE,DailyExtractOracleStg2Teradata.param,$$PurgeIndicator,DTL__CAPXACTION,TAX_CLASS=ASC;EFFDT=ASC;STATE=ASC;CDCROWID=ASC;DTL__CAPXTIMESTAMP=ASC;,TAX_CLASS;EFFDT;STATE,"date/time(29,9) TransDate=Systimestamp();string(1,0) TransCode=IIF($pPurgeIndicator$='Y', 'P', IIF($pSourceChangeIndicator$='I','I',$pSourceChangeIndicator$));integer(10,0) SOURCEID=2;"
67,StgHrPs_Tl_Erncd_Tbl,StgHrPs_Tl_Erncd_Tbl,TeradataAzureViewsIICS,PS_TL_ERNCD_TBL_PY,PAY_SYSTEM;EFFDT;TRC,PS_TL_ERNCD_TBL_PY,PAY_SYSTEM;EFFDT;TRC,DailyExtractOracleStg2Teradata.param,$$PurgeIndicator,DTL__CAPXACTION,PAY_SYSTEM=ASC;EFFDT=ASC;TRC=ASC;CDCROWID=ASC;DTL__CAPXTIMESTAMP=ASC;,PAY_SYSTEM;EFFDT;TRC,"date/time(29,9) TransDate=Systimestamp();string(1,0) TransCode=IIF($pPurgeIndicator$='Y', 'P', IIF($pSourceChangeIndicator$='I','I',$pSourceChangeIndicator$));integer(10,0) SOURCEID=2;"
68,StgHrPs_Tl_Payable_Time,StgHrPs_Tl_Payable_Time,TeradataAzureViewsIICS,PS_TL_PAYABLE_TIME_PY,EMPLID;SEQ_NBR;DUR;EMPL_RCD,PS_TL_PAYABLE_TIME_PY,EMPLID;SEQ_NBR;DUR;EMPL_RCD,DailyExtractOracleStg2Teradata.param,$$PurgeIndicator,DTL__CAPXACTION,EMPLID=ASC;SEQ_NBR=ASC;DUR=ASC;EMPL_RCD=ASC;CDCROWID=ASC;DTL__CAPXTIMESTAMP=ASC;,EMPLID;SEQ_NBR;DUR;EMPL_RCD,"date/time(29,9) TransDate=Systimestamp();string(1,0) TransCode=IIF($pPurgeIndicator$='Y', 'P', IIF($pSourceChangeIndicator$='I','I',$pSourceChangeIndicator$));integer(10,0) SOURCEID=2;string(10,0) ACCOUNTS=ACCOUNT;"
69,StgHrPs_Tl_Rptd_Time,StgHrPs_Tl_Rptd_Time,TeradataAzureViewsIICS,PS_TL_RPTD_TIME_PY,SEQ_NBR;DUR;EMPL_RCD;EMPLID,PS_TL_RPTD_TIME_PY,SEQ_NBR;DUR;EMPL_RCD;EMPLID,DailyExtractOracleStg2Teradata.param,$$PurgeIndicator,DTL__CAPXACTION,SEQ_NBR=ASC;DUR=ASC;EMPL_RCD=ASC;EMPLID=ASC;CDCROWID=ASC;DTL__CAPXTIMESTAMP=ASC;,SEQ_NBR;DUR;EMPL_RCD;EMPLID,"date/time(29,9) TransDate=Systimestamp();string(1,0) TransCode=IIF($pPurgeIndicator$='Y', 'P', IIF($pSourceChangeIndicator$='I','I',$pSourceChangeIndicator$));integer(10,0) SOURCEID=2;"
70,StgHrPs_Tl_Trc_Pgm_Tbl,StgHrPs_Tl_Trc_Pgm_Tbl,TeradataAzureViewsIICS,PS_TL_TRC_PGM_TBL_PY ,TRC_PROGRAM;EFFDT,PS_TL_TRC_PGM_TBL_PY ,TRC_PROGRAM;EFFDT,DailyExtractOracleStg2Teradata.param,$$PurgeIndicator,DTL__CAPXACTION,TRC_PROGRAM=ASC;EFFDT=ASC;CDCROWID=ASC;DTL__CAPXTIMESTAMP=ASC;,TRC_PROGRAM;EFFDT,"date/time(29,9) TransDate=Systimestamp();string(1,0) TransCode=IIF($pPurgeIndicator$='Y', 'P', IIF($pSourceChangeIndicator$='I','I',$pSourceChangeIndicator$));integer(10,0) SOURCEID=2;"
71,StgHrPs_Tl_Trc_Tbl,StgHrPs_Tl_Trc_Tbl,TeradataAzureViewsIICS,PS_TL_TRC_TBL_PY ,EFFDT;TRC,PS_TL_TRC_TBL_PY ,EFFDT;TRC,DailyExtractOracleStg2Teradata.param,$$PurgeIndicator,DTL__CAPXACTION,EFFDT=ASC;TRC=ASC;CDCROWID=ASC;DTL__CAPXTIMESTAMP=ASC;,EFFDT;TRC,"date/time(29,9) TransDate=Systimestamp();string(1,0) TransCode=IIF($pPurgeIndicator$='Y', 'P', IIF($pSourceChangeIndicator$='I','I',$pSourceChangeIndicator$));integer(10,0) SOURCEID=2;"
72,StgHrPs_Tl_Trcpgele_Tbl,StgHrPs_Tl_Trcpgele_Tbl,TeradataAzureViewsIICS,PS_TL_TRCPGELE_TBL_PY,TRC_PROGRAM;EFFDT;TRC,PS_TL_TRCPGELE_TBL_PY,TRC_PROGRAM;EFFDT;TRC,DailyExtractOracleStg2Teradata.param,$$PurgeIndicator,DTL__CAPXACTION,TRC_PROGRAM=ASC;EFFDT=ASC;TRC=ASC;CDCROWID=ASC;DTL__CAPXTIMESTAMP=ASC;,TRC_PROGRAM;EFFDT;TRC,"date/time(29,9) TransDate=Systimestamp();string(1,0) TransCode=IIF($pPurgeIndicator$='Y', 'P', IIF($pSourceChangeIndicator$='I','I',$pSourceChangeIndicator$));integer(10,0) SOURCEID=2;"
73,StgHrPs_Tl_Val_List_Dtl,StgHrPs_Tl_Val_List_Dtl,TeradataAzureViewsIICS,PS_TL_VAL_LIST_DTL_PY,VALUEGROUP;LIST_TYPE;LIST_ID,PS_TL_VAL_LIST_DTL_PY,VALUEGROUP;LIST_TYPE;LIST_ID,DailyExtractOracleStg2Teradata.param,$$PurgeIndicator,DTL__CAPXACTION,VALUEGROUP=ASC;LIST_TYPE=ASC;LIST_ID=ASC;CDCROWID=ASC;DTL__CAPXTIMESTAMP=ASC;,VALUEGROUP;LIST_TYPE;LIST_ID,"date/time(29,9) TransDate=Systimestamp();string(1,0) TransCode=IIF($pPurgeIndicator$='Y', 'P', IIF($pSourceChangeIndicator$='I','I',$pSourceChangeIndicator$));integer(10,0) SOURCEID=2;"
74,StgHrPs_Tl_Xref_Tbl,StgHrPs_Tl_Xref_Tbl,TeradataAzureViewsIICS,PS_TL_XREF_TBL_PY,XREF_NUM;SEQ_NBR;PAY_SYSTEM,PS_TL_XREF_TBL_PY,XREF_NUM;SEQ_NBR;PAY_SYSTEM,DailyExtractOracleStg2Teradata.param,$$PurgeIndicator,DTL__CAPXACTION,XREF_NUM=ASC;SEQ_NBR=ASC;PAY_SYSTEM=ASC;CDCROWID=ASC;DTL__CAPXTIMESTAMP=ASC;,XREF_NUM;SEQ_NBR;PAY_SYSTEM,"date/time(29,9) TransDate=Systimestamp();string(1,0) TransCode=IIF($pPurgeIndicator$='Y', 'P', IIF($pSourceChangeIndicator$='I','I',$pSourceChangeIndicator$));integer(10,0) SOURCEID=2;"
75,StgHrPsmsgcatdefn,StgHrPsmsgcatdefn,TeradataAzureViewsIICS,PSMSGCATDEFN_PY,MESSAGE_NBR;MESSAGE_SET_NBR,PSMSGCATDEFN_PY,MESSAGE_NBR;MESSAGE_SET_NBR,DailyExtractOracleStg2Teradata.param,$$PurgeIndicator,DTL__CAPXACTION,MESSAGE_NBR=ASC;MESSAGE_SET_NBR=ASC;CDCROWID=ASC;DTL__CAPXTIMESTAMP=ASC;,MESSAGE_NBR;MESSAGE_SET_NBR,"date/time(29,9) TransDate=Systimestamp();string(1,0) TransCode=IIF($pPurgeIndicator$='Y', 'P', IIF($pSourceChangeIndicator$='I','I',$pSourceChangeIndicator$));integer(10,0) SOURCEID=2;"
76,StgHrPsxlatitem,StgHrPsxlatitem,TeradataAzureViewsIICS,PSXLATITEM_PY,FIELDNAME;FIELDVALUE;EFFDT,PSXLATITEM_PY,FIELDNAME;FIELDVALUE;EFFDT,DailyExtractOracleStg2Teradata.param,$$PurgeIndicator,DTL__CAPXACTION,FIELDNAME=ASC;FIELDVALUE=ASC;EFFDT=ASC;CDCROWID=ASC;DTL__CAPXTIMESTAMP=ASC;,FIELDNAME;FIELDVALUE;EFFDT,"date/time(29,9) TransDate=Systimestamp();string(1,0) TransCode=IIF($pPurgeIndicator$='Y', 'P', IIF($pSourceChangeIndicator$='I','I',$pSourceChangeIndicator$));integer(10,0) SOURCEID=2;"