Seq,GenerateIndicator,pOraODBCSourceConnection,SrcTbl,TgtTbl,pDwSourceSystemCode
1,N,OraCdcFn,Ps_Aging_Categ_Tbl,CdcFnPs_Aging_Categ_Tbl,$$SourceSystemCode
2,N,OraCdcFn,Ps_Altacct_Tbl,CdcFnPs_Altacct_Tbl,$$SourceSystemCode
3,N,OraCdcFn,Ps_Altacct_Xref,CdcFnPs_Altacct_Xref,$$SourceSystemCode
4,N,OraCdcFn,Ps_Bus_Unit_Tbl_Fs,CdcFnPs_Bus_Unit_Tbl_Fs,$$SourceSystemCode
5,N,OraCdcFn,Ps_Cal_Detp_Tbl,CdcFnPs_Cal_Detp_Tbl,$$SourceSystemCode
6,N,OraCdcFn,Ps_Chartfield1_Tbl,CdcFnPs_Chartfield1_Tbl,$$SourceSystemCode
7,N,OraCdcFn,Ps_Currency_Cd_Tbl,CdcFnPs_Currency_Cd_Tbl,$$SourceSystemCode
8,N,OraCdcFn,Ps_Dept_Tbl,CdcFnPs_Dept_Tbl,$$SourceSystemCode
9,N,OraCdcFn,Ps_Gl_Account_Tbl,CdcFnPs_Gl_Account_Tbl,$$SourceSystemCode
10,N,OraCdcFn,Ps_Kc_As_Intfc_Xrf,CdcFnPs_Kc_As_Intfc_Xrf,$$SourceSystemCode
11,N,OraCdcFn,Ps_Kc_Gl_Acct_Tbl,CdcFnPs_Kc_Gl_Acct_Tbl,$$SourceSystemCode
13,N,OraCdcFn,Ps_Product_Tbl,CdcFnPs_Product_Tbl,$$SourceSystemCode
14,N,OraCdcFn,Ps_Vendor,CdcFnPs_Vendor,$$SourceSystemCode
