Seq,GenerateIndicator,pOraODBCSourceConnection,SrcTbl,TgtTbl,pDwSourceSystemCode
15,N,OraCdcHr,Ps_Bus_Unit_Tbl_Hr,CdcHrPs_Bus_Unit_Tbl_Hr,$$SourceSystemCode
16,N,OraCdcHr,Ps_Chartfield1_Tbl,CdcHrPs_Chartfield1_Tbl,$$SourceSystemCode
17,N,OraCdcHr,Ps_Co_Statetax_Tbl,CdcHrPs_Co_Statetax_Tbl,$$SourceSystemCode
18,N,OraCdcHr,Ps_Company_Tbl,CdcHrPs_Company_Tbl,$$SourceSystemCode
19,N,OraCdcHr,Ps_Customer,CdcHrPs_Customer,$$SourceSystemCode
20,N,OraCdcHr,Ps_Deduction_Class,CdcHrPs_Deduction_Class,$$SourceSystemCode
21,N,OraCdcHr,Ps_Deduction_Tbl,CdcHrPs_Deduction_Tbl,$$SourceSystemCode
22,N,OraCdcHr,Ps_Dept_Tbl,CdcHrPs_Dept_Tbl,$$SourceSystemCode
23,N,OraCdcHr,Ps_Earnings_Tbl,CdcHrPs_Earnings_Tbl,$$SourceSystemCode
24,N,OraCdcHr,Ps_Ern_Program_Def,CdcHrPs_Ern_Program_Def,$$SourceSystemCode
25,N,OraCdcHr,Ps_Ern_Program_Tbl,CdcHrPs_Ern_Program_Tbl,$$SourceSystemCode
26,N,OraCdcHr,Ps_Fo_Empl_Xref,CdcHrPs_Fo_Empl_Xref,$$SourceSystemCode
27,N,OraCdcHr,Ps_Gl_Gen_History,CdcHrPs_Gl_Gen_History,$$SourceSystemCode
28,N,OraCdcHr,Ps_Holiday_Date,CdcHrPs_Holiday_Date,$$SourceSystemCode
29,N,OraCdcHr,Ps_Holiday_Tbl,CdcHrPs_Holiday_Tbl,$$SourceSystemCode
32,N,OraCdcHr,Ps_Job_Family_Tbl,CdcHrPs_Job_Family_Tbl,$$SourceSystemCode
33,N,OraCdcHr,Ps_Jobcode_Tbl,CdcHrPs_Jobcode_Tbl,$$SourceSystemCode
34,N,OraCdcHr,Ps_Kc_Aca_Elig_Tbl,CdcHrPs_Kc_Aca_Elig_Tbl,$$SourceSystemCode
35,N,OraCdcHr,Ps_Kc_Aca_Stg_Tbl,CdcHrPs_Kc_Aca_Stg_Tbl,$$SourceSystemCode
36,N,OraCdcHr,Ps_Kc_Ee_Intfc_Xrf,CdcHrPs_Kc_Ee_Intfc_Xrf,$$SourceSystemCode
37,N,OraCdcHr,Ps_Kc_Hov_Enrl_Tbl,CdcHrPs_Kc_Hov_Enrl_Tbl,$$SourceSystemCode
38,N,OraCdcHr,Ps_Kc_Hov_Rpt_Tbl,CdcHrPs_Kc_Hov_Rpt_Tbl,$$SourceSystemCode
39,N,OraCdcHr,Ps_Kc_Hov_User_Tbl,CdcHrPs_Kc_Hov_User_Tbl,$$SourceSystemCode
41,N,OraCdcHr,Ps_Kc_Hr0008_Tbl,CdcHrPs_Kc_Hr0008_Tbl,$$SourceSystemCode
42,N,OraCdcHr,Ps_Kc_Hr0067_Op,CdcHrPs_Kc_Hr0067_Op,$$SourceSystemCode
43,N,OraCdcHr,Ps_Kc_Hr0087A_Defn,CdcHrPs_Kc_Hr0087A_Defn,$$SourceSystemCode
44,N,OraCdcHr,Ps_Kc_Sb_Exception,CdcHrPs_Kc_Sb_Exception,$$SourceSystemCode
45,N,OraCdcHr,Ps_Kc_Sb_Pymnt_Tbl,CdcHrPs_Kc_Sb_Pymnt_Tbl,$$SourceSystemCode
46,N,OraCdcHr,Ps_Kc_Unpd_Lv_Tbl,CdcHrPs_Kc_Unpd_Lv_Tbl,$$SourceSystemCode
47,N,OraCdcHr,Ps_Kc_Us_Hol_Tbl,CdcHrPs_Kc_Us_Hol_Tbl,$$SourceSystemCode
48,N,OraCdcHr,Ps_Kc_Usholpay_Def,CdcHrPs_Kc_Usholpay_Def,$$SourceSystemCode
49,N,OraCdcHr,Ps_Kc_Xref_Tbl,CdcHrPs_Kc_Xref_Tbl,$$SourceSystemCode
50,N,OraCdcHr,Ps_Kceeintfcxrfarc,CdcHrPs_Kceeintfcxrfarc,$$SourceSystemCode
51,N,OraCdcHr,Ps_Pay_Calendar,CdcHrPs_Pay_Calendar,$$SourceSystemCode
53,N,OraCdcHr,Ps_Pay_Check_Dead,CdcHrPs_Pay_Check_Dead,$$SourceSystemCode
54,N,OraCdcHr,Ps_Pay_Deduction,CdcHrPs_Pay_Deduction,$$SourceSystemCode
60,N,OraCdcHr,Ps_Pay_Tax_Can,CdcHrPs_Pay_Tax_Can,$$SourceSystemCode
61,N,OraCdcHr,Ps_Pers_Nid,CdcHrPs_Pers_Nid,$$SourceSystemCode
62,N,OraCdcHr,Ps_Personal_Data,CdcHrPs_Personal_Data,$$SourceSystemCode
63,N,OraCdcHr,Ps_Product_Tbl,CdcHrPs_Product_Tbl,$$SourceSystemCode
64,N,OraCdcHr,Ps_Pygl_Activernmp,CdcHrPs_Pygl_Activernmp,$$SourceSystemCode
65,N,OraCdcHr,Ps_Pygl_Activtaxmp,CdcHrPs_Pygl_Activtaxmp,$$SourceSystemCode
66,N,OraCdcHr,Ps_St_Oth_Tax_Tbl,CdcHrPs_St_Oth_Tax_Tbl,$$SourceSystemCode
67,N,OraCdcHr,Ps_Tl_Erncd_Tbl,CdcHrPs_Tl_Erncd_Tbl,$$SourceSystemCode
70,N,OraCdcHr,Ps_Tl_Trc_Pgm_Tbl,CdcHrPs_Tl_Trc_Pgm_Tbl,$$SourceSystemCode
71,N,OraCdcHr,Ps_Tl_Trc_Tbl,CdcHrPs_Tl_Trc_Tbl,$$SourceSystemCode
72,N,OraCdcHr,Ps_Tl_Trcpgele_Tbl,CdcHrPs_Tl_Trcpgele_Tbl,$$SourceSystemCode
73,N,OraCdcHr,Ps_Tl_Val_List_Dtl,CdcHrPs_Tl_Val_List_Dtl,$$SourceSystemCode
74,N,OraCdcHr,Ps_Tl_Xref_Tbl,CdcHrPs_Tl_Xref_Tbl,$$SourceSystemCode
75,N,OraCdcHr,Psmsgcatdefn,CdcHrPsmsgcatdefn,$$SourceSystemCode
76,N,OraCdcHr,Psxlatitem,CdcHrPsxlatitem,$$SourceSystemCode
65,Y,OraCdcHr,PS_KC_WORK_ADDRESS,CdcHrPs_Kc_Work_Address,$$SourceSystemCode
